Timestamp(s),foot_Accel_X,foot_Accel_Y,foot_Accel_Z,foot_Gyro_X,foot_Gyro_Y,foot_Gyro_Z,shank_Accel_X,shank_Accel_Y,shank_Accel_Z,shank_Gyro_X,shank_Gyro_Y,shank_Gyro_Z,Label
269.23,-9.2,3.52,6.93,-77.37,66.44,-71.19,-8.48,-0.26,-4.84,-45.56,155.25,22.25,rampdescent
269.24,-7.64,-2.19,9.4,-47.5,28.81,-45.19,-9.01,1.54,-4.8,17.0,149.5,16.31,rampdescent
269.25,-7.17,-1.76,9.05,-36.19,19.31,-30.87,-14.08,0.09,-1.59,51.88,120.94,3.56,rampdescent
269.27,-6.32,-0.25,9.07,-14.06,18.25,-20.12,-9.39,2.01,-2.69,49.13,104.31,-8.38,rampdescent
269.29,-5.82,0.91,8.23,-8.25,6.69,-10.81,-10.75,1.97,-1.62,20.56,96.81,-5.69,rampdescent
269.3,-5.89,0.29,8.25,-11.63,4.25,-11.81,-10.59,0.17,-1.58,-14.88,79.62,-1.81,rampdescent
269.32,-5.8,0.22,8.12,-12.81,5.19,-12.56,-10.47,-0.12,-1.0,-9.69,72.75,-3.56,rampdescent
269.33,-5.95,0.34,7.99,-7.0,8.88,-11.88,-9.98,0.48,-1.41,16.12,62.13,-8.0,rampdescent
269.35,-6.0,0.21,7.93,-5.44,10.56,-10.75,-9.88,0.29,-1.4,18.0,57.44,-8.31,rampdescent
269.36,-5.99,0.05,7.95,-6.12,10.06,-10.0,-9.78,-0.05,-1.23,19.06,51.69,-7.12,rampdescent
269.38,-5.89,0.32,7.84,-3.5,10.63,-7.31,-9.68,0.16,-1.11,20.75,50.0,-6.75,rampdescent
269.4,-5.95,0.46,7.84,-2.37,11.38,-7.06,-9.44,0.91,-0.73,24.94,49.25,-7.19,rampdescent
269.41,-5.98,0.77,7.73,-1.44,12.25,-7.5,-9.41,0.82,-0.59,28.25,50.56,-8.19,rampdescent
269.43,-5.99,0.64,7.77,-1.31,13.75,-8.13,-9.25,0.68,-0.5,32.88,52.5,-8.94,rampdescent
269.44,-6.07,0.6,7.67,-1.12,13.63,-8.13,-9.09,0.91,-0.69,35.63,58.19,-10.69,rampdescent
269.46,-6.13,0.43,7.66,-0.75,13.19,-8.06,-9.17,0.74,-1.13,29.87,61.06,-10.31,rampdescent
269.47,-6.21,0.25,7.67,-1.37,10.81,-7.62,-9.13,0.38,-1.24,18.69,67.75,-11.06,rampdescent
269.49,-5.96,0.34,7.72,-2.37,11.19,-7.06,-9.14,0.15,-1.07,17.0,71.31,-11.5,rampdescent
269.5,-5.94,0.37,7.83,-2.69,12.44,-7.12,-9.09,0.24,-1.09,21.87,78.5,-11.13,rampdescent
269.52,-5.95,0.2,7.8,-2.06,15.19,-7.31,-8.88,0.3,-1.39,21.87,81.87,-12.38,rampdescent
269.53,-6.29,0.27,7.68,-2.62,15.0,-7.5,-8.43,0.44,-2.02,19.25,90.25,-11.94,rampdescent
269.55,-6.09,0.24,7.74,-3.0,14.88,-7.69,-8.9,0.52,-2.16,17.81,94.0,-12.0,rampdescent
269.56,-6.03,0.57,7.75,-2.56,15.44,-8.25,-9.7,-0.08,-2.19,18.87,101.87,-13.56,rampdescent
269.58,-5.92,0.32,7.8,-1.62,22.25,-10.75,-9.53,-0.13,-2.0,19.37,105.19,-14.06,rampdescent
269.6,-5.78,0.41,8.0,-2.37,28.0,-12.63,-10.17,0.22,-2.19,29.62,112.12,-15.31,rampdescent
269.61,-5.91,0.77,8.2,0.75,36.75,-17.44,-10.71,0.0,-1.89,32.81,115.12,-16.69,rampdescent
269.63,-5.51,1.38,8.73,0.06,53.63,-27.81,-10.65,0.3,-2.02,42.75,125.25,-16.12,rampdescent
269.64,-5.97,1.37,8.67,-7.5,63.81,-33.69,-10.79,0.59,-2.37,48.25,131.0,-15.88,rampdescent
269.65,-5.67,1.18,8.67,-14.56,75.06,-39.38,-11.27,0.39,-2.88,50.19,144.0,-15.13,rampdescent
269.67,-5.8,1.6,9.35,-29.75,102.69,-55.0,-11.57,0.22,-3.2,55.19,160.25,-13.25,rampdescent
269.69,-5.43,2.45,9.79,-46.0,140.06,-77.81,-14.53,1.0,-0.95,68.0,167.37,-13.69,rampdescent
269.7,-4.96,3.36,10.21,-56.69,162.87,-97.62,-15.85,1.69,0.38,82.06,176.12,-16.44,rampdescent
269.72,-4.06,3.7,10.79,-95.5,234.56,-151.06,-18.33,1.9,0.4,84.31,187.19,-23.5,rampdescent
269.73,-4.73,2.83,10.91,-114.69,272.87,-185.31,-19.75,0.7,1.65,105.31,195.12,-36.69,rampdescent
269.75,-10.31,-2.03,14.4,-133.0,354.0,-233.81,-20.67,0.87,2.83,131.5,194.19,-50.13,rampdescent
269.77,-12.19,-3.79,15.55,-74.37,449.44,-219.81,-18.46,1.28,0.43,110.69,186.31,-75.12,rampdescent
269.78,-14.97,-0.26,18.5,-30.94,479.25,-208.5,-15.84,3.55,0.36,109.31,173.31,-89.81,rampdescent
269.8,-14.64,5.41,15.01,-1.56,489.37,-224.0,-12.36,6.91,-2.18,110.12,115.94,-86.25,rampdescent
269.81,-17.11,14.43,13.21,-26.37,472.81,-257.5,-9.58,5.83,-4.42,58.69,83.56,-63.63,rampdescent
269.83,-9.52,12.63,9.21,-163.94,178.25,-181.0,-4.6,-0.81,-13.49,-108.62,30.5,-28.62,rampdescent
269.84,-19.28,17.97,21.57,-71.81,-60.69,36.5,-6.95,-3.57,-4.55,-135.62,16.56,-36.38,rampdescent
269.86,6.47,3.66,3.18,-69.69,-265.5,218.62,-8.15,0.53,2.9,-55.0,-35.88,-22.12,rampdescent
269.88,2.85,-0.9,4.19,-85.87,-231.06,226.06,-4.5,-0.39,1.63,-81.56,-122.56,5.56,rampdescent
269.89,1.23,-2.9,6.06,1.69,-176.56,193.81,-5.12,1.83,-1.34,-110.19,-153.25,18.25,rampdescent
269.9,-3.14,2.27,8.47,50.06,-186.81,174.25,-4.8,0.31,-1.05,-137.0,-204.31,40.38,rampdescent
269.92,-3.87,2.28,8.9,53.69,-246.81,121.75,-5.13,-2.65,-1.13,-108.0,-230.31,46.06,rampdescent
269.93,-4.0,0.78,8.73,50.56,-276.69,107.31,-5.74,-3.26,-1.17,-74.62,-250.5,48.25,rampdescent
269.95,-4.12,0.28,7.95,93.37,-311.31,117.94,-6.82,-3.18,-1.49,-22.56,-286.81,45.25,rampdescent
269.97,-4.58,1.42,8.01,120.56,-312.81,149.19,-7.82,-1.45,-2.69,-16.75,-320.0,49.75,rampdescent
269.98,-7.58,1.67,9.59,114.62,-309.5,163.94,-8.53,-1.29,-3.41,-33.38,-337.25,53.94,rampdescent
270.0,-8.18,0.67,9.89,96.12,-303.69,184.06,-10.76,-2.18,-3.64,-60.88,-362.31,57.69,rampdescent
270.01,-9.61,-1.27,10.86,96.56,-297.25,185.37,-11.6,-2.13,-3.72,-59.88,-370.06,56.56,rampdescent
270.03,-13.15,-1.69,13.71,113.06,-283.37,167.25,-13.26,-1.14,-4.98,-34.56,-384.75,53.94,rampdescent
270.05,-14.03,-0.81,14.17,119.06,-282.62,152.5,-14.86,-1.5,-5.37,-25.12,-394.94,51.63,rampdescent
270.06,-16.09,-1.47,13.52,109.06,-280.94,127.06,-15.52,-1.95,-5.47,-19.94,-397.12,46.63,rampdescent
270.08,-17.12,-2.72,13.02,107.75,-250.06,114.81,-17.09,-1.75,-5.98,25.0,-386.12,31.12,rampdescent
270.09,-23.38,-2.91,11.66,118.06,-232.56,108.37,-16.88,-0.67,-7.17,44.81,-373.94,28.87,rampdescent
270.11,-25.05,-2.38,10.57,129.94,-221.75,103.62,-16.74,0.48,-9.76,30.25,-331.62,38.44,rampdescent
270.12,-27.12,-3.02,6.49,135.31,-222.81,107.0,-14.25,0.12,-12.42,12.5,-299.19,40.63,rampdescent
270.14,-34.74,-9.47,-6.86,111.44,-220.19,126.87,-4.95,-1.78,-15.37,8.75,-192.37,28.56,rampdescent
270.15,-38.22,-16.3,-12.27,86.62,-207.12,135.69,-4.56,-0.71,-13.98,22.31,-101.06,18.0,rampdescent
270.17,-10.71,-7.81,-17.4,59.81,-66.31,100.81,-9.05,-1.37,-8.15,-40.38,55.0,13.81,rampdescent
270.18,-13.35,-1.95,-13.82,-8.56,96.87,14.56,-8.41,-1.13,-9.46,-72.44,89.75,18.19,rampdescent
270.2,-21.28,-5.2,2.8,-130.56,207.44,-98.31,-8.11,0.66,-9.05,-53.06,141.25,7.87,rampdescent
270.21,2.02,-6.16,12.78,-162.37,184.06,-95.87,-14.88,-1.7,8.52,-78.5,168.37,14.75,rampdescent
270.23,-5.41,-6.87,17.9,-122.87,225.06,-105.62,-17.67,-4.87,6.41,-102.62,158.19,12.38,rampdescent
270.25,-22.36,8.56,19.07,-85.94,256.75,-119.31,-16.49,-1.23,-4.67,-48.13,204.37,4.44,rampdescent
270.26,-15.19,11.48,7.12,-155.5,140.69,-132.25,-13.35,7.97,-7.28,-7.44,221.94,14.13,rampdescent
270.28,4.1,-1.79,7.22,-155.87,73.69,-85.62,-11.28,-0.61,-4.07,-191.25,180.31,46.19,rampdescent
270.29,-10.32,6.5,8.24,-93.37,67.81,-88.94,-11.11,-2.77,-7.26,-81.69,165.06,31.81,rampdescent
270.31,-11.11,0.57,9.7,-47.38,40.44,-69.06,-11.14,-2.71,-2.65,65.37,155.37,15.94,rampdescent
270.32,-6.76,2.32,8.3,-15.56,9.63,-25.19,-11.33,1.59,-2.29,106.81,143.44,-2.87,rampdescent
270.34,-6.13,0.98,8.24,3.0,16.87,-16.19,-9.64,4.51,-3.8,103.12,117.81,-1.56,rampdescent
270.35,-6.2,1.11,8.08,3.19,16.06,-14.13,-10.19,2.01,-2.81,31.94,108.06,-2.31,rampdescent
270.37,-5.95,0.43,8.13,-14.06,9.5,-10.56,-10.42,-0.17,-2.56,-21.94,85.69,4.19,rampdescent
270.39,-5.77,0.44,8.11,-10.81,10.69,-9.0,-10.81,-0.44,-2.46,-1.5,76.31,1.37,rampdescent
270.4,-5.69,0.38,8.18,-5.5,12.81,-8.0,-10.39,0.3,-1.97,28.37,59.88,-4.44,rampdescent
270.42,-5.71,0.37,8.13,-7.56,12.56,-7.5,-10.25,0.01,-1.75,28.19,52.75,-3.69,rampdescent
270.43,-5.78,0.45,8.0,-3.12,17.5,-5.87,-9.66,0.46,-1.54,33.38,45.63,-1.94,rampdescent
270.45,-5.91,0.44,8.05,-1.31,18.5,-5.44,-9.58,0.68,-1.49,35.81,44.06,-1.94,rampdescent
270.46,-5.92,0.62,7.83,-1.19,16.81,-4.81,-9.25,1.04,-1.1,34.81,43.0,-3.56,rampdescent
270.48,-5.86,0.79,7.76,-0.37,17.19,-4.44,-9.19,1.14,-0.9,33.0,45.69,-6.44,rampdescent
270.49,-5.96,1.02,7.65,-0.44,17.37,-5.06,-9.12,1.19,-0.79,31.56,47.88,-7.25,rampdescent
270.51,-5.92,1.01,7.65,-1.25,16.94,-5.94,-8.98,0.87,-1.03,31.44,53.69,-9.56,rampdescent
270.53,-6.0,0.55,7.64,-2.0,16.69,-7.31,-9.02,0.54,-1.06,30.37,57.69,-10.5,rampdescent
270.54,-5.94,0.34,7.72,-2.31,16.37,-7.06,-8.9,0.47,-1.43,25.94,66.25,-11.25,rampdescent
270.56,-5.98,0.44,7.8,-2.25,17.12,-7.06,-8.87,0.54,-1.47,23.0,70.87,-10.81,rampdescent
270.57,-6.09,0.35,7.82,-1.94,16.75,-6.56,-8.65,0.33,-1.32,20.25,80.62,-11.75,rampdescent
270.59,-5.89,0.42,7.93,0.5,19.56,-7.06,-8.93,0.25,-1.52,25.69,86.87,-10.75,rampdescent
270.6,-5.96,0.68,7.86,1.37,20.62,-8.0,-9.44,0.62,-1.75,25.25,97.0,-10.19,rampdescent
270.63,-5.6,0.4,8.08,0.94,25.69,-12.13,-9.62,-0.15,-2.2,27.12,107.25,-8.5,rampdescent
270.65,-5.79,0.25,8.37,3.69,33.38,-13.5,-10.23,-0.08,-2.65,33.44,111.31,-10.44,rampdescent
270.66,-5.89,0.8,8.36,8.25,49.25,-17.44,-10.13,0.27,-2.8,37.06,117.75,-12.06,rampdescent
270.68,-6.01,0.82,8.24,11.44,50.44,-20.5,-10.28,0.55,-3.28,41.0,121.0,-11.56,rampdescent
270.69,-6.22,1.65,8.13,13.56,65.62,-25.94,-11.04,0.91,-3.33,49.5,128.75,-13.06,rampdescent
270.71,-6.1,1.35,8.62,5.5,72.62,-29.56,-11.3,0.63,-3.53,47.38,132.25,-14.0,rampdescent
270.72,-6.04,1.44,8.74,-6.31,98.75,-43.06,-12.25,0.15,-3.14,49.56,140.0,-13.44,rampdescent
270.74,-5.82,1.48,9.16,-9.25,114.19,-51.94,-12.72,-0.15,-2.45,55.44,144.25,-14.75,rampdescent
270.75,-5.62,2.47,9.28,-30.12,149.06,-74.87,-13.62,0.38,-2.82,61.63,154.31,-17.19,rampdescent
270.77,-4.55,2.22,9.51,-53.0,173.31,-93.25,-15.32,0.32,-2.14,54.06,157.06,-17.37,rampdescent
270.78,-4.17,3.36,11.01,-89.62,240.44,-139.69,-16.82,0.14,-0.52,68.31,164.56,-21.12,rampdescent
270.8,-4.4,3.72,12.08,-102.69,280.87,-169.25,-22.45,1.16,5.29,92.25,170.25,-29.87,rampdescent
270.81,-10.38,0.49,15.31,-108.75,388.75,-207.31,-19.83,2.12,2.47,121.62,182.94,-51.81,rampdescent
270.83,-11.91,-2.48,15.89,-80.94,480.44,-198.69,-18.64,1.72,1.26,107.44,177.19,-63.44,rampdescent
270.85,-14.83,-0.59,18.11,-24.62,509.19,-184.94,-15.56,3.16,1.19,91.62,156.5,-96.25,rampdescent
270.86,-14.11,9.75,18.48,54.0,529.31,-223.19,-13.79,6.79,1.06,89.0,95.56,-79.25,rampdescent
270.88,-16.29,17.29,13.83,25.75,488.12,-244.0,-9.07,6.25,-5.8,22.0,68.87,-59.75,rampdescent
270.89,-39.28,5.03,39.15,-154.31,228.37,-205.19,-6.82,-2.18,-10.12,-156.5,12.19,-31.62,rampdescent
270.91,-1.43,17.49,10.5,-24.0,-314.19,163.0,-8.98,-1.58,3.39,-104.5,-32.94,-32.63,rampdescent
270.93,12.35,14.31,3.0,-65.31,-355.81,197.0,-5.93,-0.1,5.49,-34.25,-84.37,-11.75,rampdescent
270.95,2.74,-3.43,4.36,-77.69,-234.06,158.94,-4.94,0.36,0.78,-59.19,-168.81,14.69,rampdescent
270.96,-4.25,3.45,9.44,64.5,-209.12,144.37,-5.28,0.44,-1.71,-105.25,-195.37,27.75,rampdescent
270.98,-5.6,5.69,9.67,89.62,-240.5,137.94,-4.98,-1.44,-1.21,-92.31,-242.12,38.31,rampdescent
270.99,-6.26,4.01,9.34,56.56,-315.81,127.75,-6.54,-1.86,-1.93,-43.13,-281.37,46.06,rampdescent
271.01,-5.22,0.4,7.8,62.75,-360.19,149.94,-7.25,-1.64,-1.93,-38.5,-299.56,44.81,rampdescent
271.03,-5.33,0.66,7.63,81.81,-363.94,163.56,-8.08,-1.56,-2.57,-37.44,-335.94,48.81,rampdescent
271.05,-8.54,0.23,9.33,106.62,-346.0,173.56,-9.92,-1.59,-3.65,-40.06,-368.31,55.0,rampdescent
271.06,-9.89,-0.32,9.98,114.19,-327.0,170.31,-10.96,-1.84,-3.72,-36.56,-376.31,55.88,rampdescent
271.08,-13.35,-0.78,13.25,126.06,-297.31,147.69,-13.42,-1.39,-4.39,-9.06,-392.06,58.63,rampdescent
271.1,-15.05,-0.14,14.05,137.19,-284.44,136.25,-15.5,-0.89,-6.59,-3.56,-402.69,61.25,rampdescent
271.11,-18.09,0.25,14.56,141.62,-273.31,128.94,-15.7,-1.84,-7.2,-6.75,-396.75,53.44,rampdescent
271.13,-22.65,-1.77,14.07,137.25,-266.62,142.87,-15.77,-2.25,-7.54,12.63,-383.37,44.5,rampdescent
271.15,-23.22,-2.17,11.22,134.12,-268.69,146.44,-16.21,0.68,-8.79,36.88,-344.5,36.19,rampdescent
271.16,-24.0,-1.49,5.81,106.44,-255.94,135.94,-16.1,0.5,-9.51,15.88,-324.69,36.13,rampdescent
271.18,-25.37,-2.23,3.28,84.75,-240.62,125.0,-11.0,0.3,-13.54,-22.69,-268.25,41.63,rampdescent
271.2,-33.17,-9.34,-7.39,58.5,-199.0,119.06,-6.02,-2.3,-14.79,-33.81,-148.69,31.12,rampdescent
271.21,-28.34,-17.41,-13.3,36.56,-140.12,124.44,-6.95,-0.59,-11.37,-36.25,16.37,18.0,rampdescent
271.23,-17.02,-15.18,-12.73,29.81,25.62,47.56,-7.4,-1.15,-9.08,-68.5,64.0,16.06,rampdescent
271.25,-18.35,1.25,5.95,3.75,98.69,-6.81,-7.4,0.2,-9.24,-22.56,121.44,6.69,rampdescent
271.26,-17.91,1.92,-1.91,-125.5,122.56,-81.06,-8.59,1.29,-6.41,-23.75,136.94,9.94,rampdescent
271.28,5.41,-11.19,6.68,-173.06,128.19,-102.69,-18.7,-3.37,14.56,-103.62,161.62,18.19,rampdescent
271.3,-6.77,-0.33,17.89,-123.5,212.62,-115.69,-18.04,-2.59,-1.31,-115.37,161.62,18.0,rampdescent
271.31,-25.71,15.62,21.62,-97.81,271.25,-104.0,-16.96,-5.81,-4.22,-49.69,214.56,13.13,rampdescent
271.33,-27.66,-8.85,16.76,-174.19,135.87,-121.75,-12.2,-0.03,-7.57,-51.63,209.31,35.5,rampdescent
271.35,-11.77,-4.33,12.06,-150.44,116.25,-98.87,-9.38,0.3,-7.64,-52.69,184.81,35.0,rampdescent
271.36,-11.68,2.39,10.11,-70.56,64.44,-82.69,-11.44,1.09,-7.18,45.31,177.5,29.94,rampdescent
271.38,-6.89,-0.91,10.2,-58.25,31.62,-58.06,-11.83,0.54,-3.18,94.5,153.75,5.56,rampdescent
271.39,-6.28,0.1,8.65,-26.87,29.81,-33.69,-9.92,3.16,-4.42,58.25,130.06,-0.31,rampdescent
271.41,-6.33,0.78,8.24,-16.62,26.31,-21.81,-10.42,1.56,-3.44,12.63,117.12,-3.0,rampdescent
271.43,-6.03,-0.32,8.32,-15.38,20.19,-17.37,-10.55,-0.44,-3.35,42.13,84.94,-6.25,rampdescent
271.45,-5.89,-0.07,8.33,-6.75,21.69,-14.13,-10.63,0.45,-2.75,43.94,75.19,-6.44,rampdescent
271.46,-5.9,-0.15,8.27,-8.13,22.25,-13.19,-10.42,-0.03,-2.46,31.31,59.44,-2.44,rampdescent
271.48,-5.91,-0.12,8.2,-6.0,23.0,-10.69,-10.0,0.3,-2.18,30.56,54.5,-1.37,rampdescent
271.5,-6.03,0.23,8.03,-3.25,24.06,-9.5,-9.56,1.23,-2.01,33.44,46.88,-2.0,rampdescent
271.51,-6.27,0.44,7.64,-3.06,22.81,-8.19,-9.38,1.35,-1.95,31.06,44.25,-5.44,rampdescent
271.54,-6.19,0.36,7.61,-3.25,19.31,-8.19,-9.21,0.57,-1.52,26.81,45.44,-8.19,rampdescent
271.55,-6.08,0.43,7.68,-3.12,18.0,-7.56,-9.24,0.64,-1.31,29.25,47.69,-9.31,rampdescent
271.57,-6.14,0.32,7.6,-3.12,18.06,-7.44,-9.1,0.74,-1.19,32.38,54.94,-11.75,rampdescent
271.58,-6.34,0.09,7.3,-1.75,15.94,-8.13,-8.59,0.46,-1.59,30.87,59.38,-12.5,rampdescent
271.6,-6.28,0.13,7.31,-1.87,13.0,-8.19,-8.65,0.5,-1.53,29.5,69.37,-14.75,rampdescent
271.61,-6.02,0.14,7.64,-2.0,10.69,-8.5,-8.77,0.47,-1.44,27.56,74.31,-15.13,rampdescent
271.63,-5.94,0.1,7.84,-0.5,15.56,-9.75,-8.83,0.45,-1.17,22.62,84.94,-14.25,rampdescent
271.65,-5.92,0.03,7.92,-1.0,22.25,-10.38,-9.44,-0.25,-1.56,18.06,95.75,-13.44,rampdescent
271.66,-6.19,-0.19,7.88,2.19,27.19,-11.81,-8.87,-0.15,-1.97,23.0,104.5,-12.06,rampdescent
271.68,-6.13,0.05,7.95,4.81,28.31,-12.44,-8.79,0.95,-2.76,31.19,117.44,-12.88,rampdescent
271.69,-6.13,1.0,7.59,3.69,35.0,-14.63,-9.31,1.11,-3.05,31.69,121.0,-13.63,rampdescent
271.7,-6.33,1.22,7.69,3.06,40.0,-17.25,-9.59,1.31,-3.3,33.38,123.31,-15.44,rampdescent
271.72,-6.24,0.8,8.34,-1.69,45.0,-27.0,-10.68,0.23,-3.45,33.69,125.94,-15.06,rampdescent
271.74,-6.05,0.42,8.66,-3.75,52.94,-32.0,-11.56,-0.46,-3.29,41.31,131.19,-14.69,rampdescent
271.75,-5.77,0.3,9.05,-12.06,79.75,-40.44,-12.01,-0.41,-2.72,45.38,135.44,-14.31,rampdescent
271.77,-5.72,1.13,9.46,-12.56,96.0,-46.31,-12.43,0.21,-2.53,53.81,146.56,-13.69,rampdescent
271.78,-5.29,1.99,9.62,-29.81,134.37,-66.44,-14.35,0.16,-0.69,57.31,154.56,-12.69,rampdescent
271.8,-4.94,2.45,9.91,-39.75,159.31,-85.56,-15.4,0.58,-0.73,77.94,173.69,-13.63,rampdescent
271.82,-4.48,3.16,10.2,-75.5,222.94,-139.62,-17.13,1.22,-0.31,82.81,177.87,-13.31,rampdescent
271.83,-4.44,2.35,11.61,-123.56,302.87,-200.94,-21.12,0.38,3.69,96.25,187.37,-17.25,rampdescent
271.85,-8.23,-0.78,13.78,-134.37,349.94,-221.69,-21.92,0.44,3.94,118.44,189.75,-28.44,rampdescent
271.86,-11.44,-3.71,15.4,-103.62,448.19,-204.37,-19.06,0.84,0.69,116.94,185.44,-58.5,rampdescent
271.87,-12.02,-5.38,16.22,-66.06,490.06,-184.81,-18.29,0.29,1.75,86.81,184.87,-74.87,rampdescent
271.89,-11.98,5.05,16.32,-4.37,531.69,-198.94,-14.47,8.16,1.5,97.0,160.62,-106.69,rampdescent
271.91,-15.66,12.1,16.01,-15.25,528.06,-214.56,-11.49,7.72,1.57,54.13,94.62,-90.81,rampdescent
271.92,-12.63,14.15,27.54,-115.44,307.69,-188.37,-4.81,2.91,-18.02,-31.94,68.81,-71.87,rampdescent
271.94,-39.28,12.11,39.31,-95.5,92.5,-43.44,-7.69,-1.21,-8.15,-177.94,32.63,-55.5,rampdescent
271.95,13.89,10.0,0.48,-94.37,-343.12,205.19,-9.0,2.5,6.84,-161.94,13.56,-53.75,rampdescent
271.97,6.7,-0.6,2.0,-171.25,-294.94,179.81,-5.07,-2.01,3.92,-105.56,-32.44,-36.75,rampdescent
271.98,2.35,-8.99,6.02,-32.25,-211.0,137.56,-6.09,-0.6,-0.36,-84.37,-137.44,-9.94,rampdescent
272.0,-2.09,3.34,8.24,122.56,-241.62,111.19,-4.64,-1.07,-0.68,-40.94,-213.87,18.56,rampdescent
272.01,-4.66,6.83,8.76,100.31,-276.44,92.69,-4.69,-0.61,-1.42,-15.56,-240.75,31.31,rampdescent
272.03,-5.23,4.48,8.99,71.44,-338.69,93.75,-6.39,-1.99,-1.79,-6.81,-285.69,47.69,rampdescent
272.05,-3.57,0.8,6.88,95.31,-353.25,113.12,-6.78,-2.06,-1.48,-13.06,-304.81,53.13,rampdescent
272.06,-3.34,1.58,6.67,121.0,-351.87,135.69,-7.74,-1.28,-2.9,-34.38,-340.12,66.56,rampdescent
272.07,-7.19,2.18,8.76,137.12,-323.06,174.62,-8.43,-1.36,-3.61,-55.19,-356.5,71.5,rampdescent
272.09,-8.09,0.77,10.09,118.0,-305.44,198.94,-9.99,-2.21,-3.67,-71.06,-381.81,73.87,rampdescent
272.11,-10.17,-1.63,12.3,112.25,-296.37,197.94,-12.26,-2.61,-3.96,-61.31,-392.37,72.31,rampdescent
272.12,-11.47,-2.27,13.55,131.56,-281.31,177.75,-13.64,-1.67,-5.12,-27.12,-408.25,64.69,rampdescent
272.14,-13.87,-1.2,14.76,138.69,-278.06,162.31,-15.43,-1.59,-6.2,-14.75,-414.62,62.5,rampdescent
272.15,-19.6,-1.88,15.4,137.75,-263.37,132.31,-16.88,-2.23,-6.61,11.88,-416.81,52.56,rampdescent
272.17,-21.89,-3.41,15.28,139.94,-256.25,122.5,-16.3,-2.52,-6.86,66.37,-386.62,40.19,rampdescent
272.18,-26.91,-2.3,11.25,162.56,-262.25,115.81,-15.84,1.33,-9.66,68.69,-360.44,39.69,rampdescent
272.2,-25.81,-0.01,8.81,125.0,-267.94,97.94,-13.6,0.26,-11.67,20.56,-302.0,46.69,rampdescent
272.21,-27.1,-4.25,0.22,69.75,-245.37,79.12,-10.55,-1.47,-13.71,-15.81,-267.0,52.88,rampdescent
272.23,-26.31,-9.71,-4.47,28.19,-188.62,90.62,-7.64,-2.64,-14.44,-17.56,-149.31,29.87,rampdescent
272.25,-31.62,-13.88,-17.2,8.56,-126.0,90.94,-7.63,-0.84,-13.2,-24.56,-68.0,23.81,rampdescent
272.26,-28.43,-16.17,-20.08,-28.94,-31.44,64.44,-8.96,0.5,-13.85,-99.62,67.06,21.69,rampdescent
272.28,-19.32,-14.12,-15.23,-100.0,203.69,-44.88,-8.89,-1.28,-13.99,-100.06,189.44,15.19,rampdescent
272.29,-28.75,-3.95,39.31,-156.44,341.75,-136.25,-23.79,-5.72,15.69,-89.37,233.31,10.38,rampdescent
272.31,-27.54,3.02,23.1,-135.62,293.37,-144.94,-25.2,-4.88,3.56,-66.31,226.5,3.56,rampdescent
272.32,-25.79,8.93,13.24,-143.62,135.37,-118.12,-17.14,6.33,-4.44,-23.81,264.75,6.62,rampdescent
272.34,4.01,-6.83,8.76,-129.19,71.0,-67.44,-11.86,1.95,-4.01,-108.31,259.81,26.75,rampdescent
272.35,-17.71,-0.79,10.94,-108.12,81.19,-85.69,-7.14,-0.97,-11.76,-90.19,177.0,30.87,rampdescent
272.37,-9.48,1.47,8.63,-39.5,17.62,-44.38,-17.8,-2.67,-5.97,1.81,160.37,25.5,rampdescent
272.39,-6.09,-1.0,9.26,-18.25,11.44,-25.19,-11.07,0.45,-2.6,94.56,150.25,0.88,rampdescent
272.4,-5.95,1.48,7.92,3.31,9.31,-13.69,-9.77,4.89,-3.89,149.75,127.37,3.75,rampdescent
272.42,-5.45,1.3,7.83,11.44,12.5,-14.25,-11.02,4.9,-3.64,62.56,113.62,5.0,rampdescent
272.43,-5.69,0.16,7.97,-15.94,13.44,-12.25,-10.5,0.48,-3.06,-24.31,90.94,12.06,rampdescent
272.45,-5.98,0.25,8.01,-9.56,16.87,-10.75,-10.88,-0.35,-2.42,14.44,72.37,3.25,rampdescent
272.47,-6.09,0.19,8.13,-2.06,19.56,-9.63,-10.14,0.76,-2.38,32.63,64.56,-1.69,rampdescent
272.48,-5.83,0.35,8.21,-4.62,18.31,-8.38,-10.47,0.5,-2.07,29.69,52.75,-1.62,rampdescent
272.5,-5.97,0.08,7.97,-1.31,20.44,-7.56,-9.63,0.03,-1.89,27.06,49.25,-0.31,rampdescent
272.51,-6.07,0.06,7.92,0.44,21.19,-4.87,-9.4,0.31,-1.76,37.06,46.75,-0.31,rampdescent
272.53,-6.0,0.52,7.76,1.31,20.81,-4.19,-9.34,1.38,-1.41,39.69,46.75,-1.19,rampdescent
272.54,-5.97,0.62,7.68,2.31,21.31,-4.44,-9.24,1.38,-1.23,31.87,47.5,-3.12,rampdescent
272.56,-6.02,0.62,7.69,-0.19,20.69,-5.75,-9.15,1.42,-1.31,28.75,48.75,-4.62,rampdescent
272.58,-6.05,0.8,7.46,-0.94,19.62,-6.37,-8.98,1.1,-1.13,30.62,54.5,-8.56,rampdescent
272.59,-6.05,0.8,7.58,-2.87,19.87,-7.62,-9.04,0.98,-1.2,26.06,62.38,-10.5,rampdescent
272.61,-6.03,0.04,7.8,-4.12,21.06,-7.87,-9.08,0.26,-1.03,18.62,67.56,-10.56,rampdescent
272.62,-5.97,0.09,7.86,-4.56,21.62,-7.44,-8.99,0.3,-1.04,15.75,73.44,-10.88,rampdescent
272.64,-6.15,0.48,7.62,-2.19,23.12,-8.38,-8.53,0.43,-1.54,19.31,85.06,-10.63,rampdescent
272.65,-6.09,0.24,7.75,1.69,24.25,-11.0,-8.8,0.27,-1.66,24.62,97.06,-8.69,rampdescent
272.67,-5.84,0.24,7.8,1.69,25.75,-11.75,-9.03,0.12,-1.81,27.69,102.5,-8.19,rampdescent
272.69,-6.25,0.0,7.77,3.44,31.44,-13.38,-9.04,0.0,-3.21,26.69,109.12,-8.31,rampdescent
272.7,-6.27,0.27,7.88,4.37,36.38,-15.0,-9.78,0.57,-2.47,36.0,115.75,-9.44,rampdescent
272.72,-5.96,0.84,8.16,7.75,42.13,-16.62,-10.23,0.91,-2.32,41.81,119.0,-7.94,rampdescent
272.73,-6.13,1.24,8.33,9.63,56.13,-23.75,-10.47,0.87,-2.2,51.63,129.62,-9.75,rampdescent
272.75,-6.23,1.55,8.18,8.44,64.25,-28.19,-10.45,1.38,-3.54,59.69,135.81,-11.94,rampdescent
272.77,-6.34,1.25,8.51,-2.56,84.25,-39.19,-11.19,0.6,-3.81,56.25,145.69,-14.56,rampdescent
272.78,-6.21,1.19,8.73,-15.0,113.19,-51.56,-12.5,-0.12,-2.17,55.75,150.31,-13.81,rampdescent
272.8,-5.61,1.4,9.24,-19.0,133.44,-61.25,-12.96,-0.2,-3.24,62.25,161.0,-15.19,rampdescent
272.81,-5.39,1.47,8.91,-45.81,174.81,-89.56,-13.5,-0.7,-3.47,56.88,165.25,-14.94,rampdescent
272.83,-5.19,2.16,9.33,-63.63,202.0,-110.81,-16.51,-0.15,0.84,65.31,176.69,-11.44,rampdescent
272.85,-4.27,2.86,10.4,-97.37,276.94,-166.62,-20.53,0.05,1.15,103.56,185.19,-15.06,rampdescent
272.86,-9.15,-1.52,13.68,-112.81,374.25,-204.56,-21.83,0.33,1.68,124.69,184.75,-25.37,rampdescent
272.88,-10.85,-2.89,14.76,-100.12,423.25,-196.37,-19.8,1.24,0.74,129.62,177.37,-55.88,rampdescent
272.9,-14.24,-3.76,16.43,-51.44,492.62,-161.31,-14.95,3.59,0.99,79.31,160.37,-89.0,rampdescent
272.91,-14.57,2.46,15.83,-8.06,507.25,-157.87,-14.71,5.73,0.98,76.81,149.87,-102.12,rampdescent
272.92,-19.54,12.68,13.74,17.81,503.25,-187.25,-11.13,7.65,0.86,60.5,99.19,-94.06,rampdescent
272.94,-14.31,12.31,12.61,-57.19,401.56,-200.94,-6.41,4.19,-19.2,-19.44,73.94,-76.31,rampdescent
272.96,-39.28,11.79,39.31,-104.12,79.62,-65.5,-9.69,-0.34,3.11,-156.0,31.19,-54.31,rampdescent
272.97,4.61,16.52,8.61,-65.25,-340.62,145.44,-10.39,0.51,7.85,-163.12,11.06,-52.88,rampdescent
272.99,7.47,2.62,3.49,-116.06,-310.94,120.94,-4.84,-2.0,2.43,-41.25,-74.56,-32.19,rampdescent
273.01,1.34,-3.5,6.28,-44.81,-229.69,90.69,-6.12,0.32,-1.3,-38.63,-160.19,-12.38,rampdescent
273.02,-0.6,-1.05,7.63,39.06,-230.0,96.0,-5.9,-0.41,-1.4,-51.56,-190.56,-2.75,rampdescent
273.04,-4.09,7.17,8.11,83.44,-279.44,102.75,-5.82,-0.51,-1.02,-31.0,-232.62,14.25,rampdescent
273.05,-5.33,2.49,8.19,47.81,-317.81,111.69,-6.04,-0.27,-1.68,-19.31,-278.37,36.19,rampdescent
273.07,-5.71,1.98,8.33,54.69,-328.56,128.62,-7.41,-0.57,-2.52,-33.88,-298.56,42.25,rampdescent
273.08,-6.82,2.99,8.77,85.25,-338.25,169.06,-7.65,-0.42,-2.73,-64.31,-332.0,52.13,rampdescent
273.1,-8.55,2.65,9.58,88.94,-339.12,184.75,-9.21,-0.88,-3.8,-77.94,-348.75,57.0,rampdescent
273.11,-9.98,1.19,10.27,80.5,-336.19,203.5,-9.81,-1.44,-3.76,-91.94,-364.31,58.88,rampdescent
273.13,-10.37,0.15,10.74,78.19,-330.37,202.44,-11.54,-2.49,-3.49,-92.06,-387.87,54.25,rampdescent
273.15,-12.59,-2.35,13.79,101.94,-309.81,178.12,-14.11,-1.58,-4.29,-10.38,-413.25,42.19,rampdescent
273.17,-15.35,-0.08,15.37,128.5,-307.25,134.62,-15.15,-1.12,-4.59,19.62,-418.0,41.63,rampdescent
273.18,-17.47,-1.4,15.62,129.31,-306.69,111.0,-16.73,-1.29,-5.21,53.31,-417.81,47.81,rampdescent
273.2,-22.29,-3.59,15.17,156.69,-295.06,79.56,-17.2,-0.96,-6.99,90.62,-388.37,50.75,rampdescent
273.21,-23.13,-3.04,10.4,194.81,-293.62,71.69,-17.39,-0.34,-8.0,81.25,-366.69,51.0,rampdescent
273.23,-24.02,-2.14,8.25,193.81,-283.12,78.62,-15.59,-0.46,-10.23,40.31,-316.87,45.75,rampdescent
273.25,-29.84,-5.61,-1.33,133.19,-246.5,91.44,-10.14,-1.16,-13.6,38.25,-220.87,35.13,rampdescent
273.26,-34.27,-9.37,-6.66,91.81,-230.75,96.94,-4.46,-1.02,-15.63,29.06,-134.56,26.81,rampdescent
273.27,-31.01,-19.28,-15.29,33.5,-168.94,96.37,-6.01,-0.5,-13.28,-55.44,27.31,19.37,rampdescent
273.29,-12.2,-10.22,-11.33,40.06,31.94,15.31,-7.83,-2.3,-9.74,-91.12,72.56,20.06,rampdescent
273.31,-22.34,0.49,2.36,-6.69,137.75,-27.12,-8.95,-3.37,-9.32,-28.06,124.12,8.81,rampdescent
273.32,-27.12,-0.73,-0.5,-113.44,109.06,-39.38,-11.74,0.45,-3.6,-31.31,148.56,7.31,rampdescent
273.34,11.32,-10.26,4.67,-102.94,289.75,-72.94,-17.83,-4.02,13.07,-128.12,171.25,5.5,rampdescent
273.36,-15.24,-6.28,24.77,-103.75,321.5,-129.25,-20.42,-3.09,0.47,-139.12,176.5,4.75,rampdescent
273.37,-21.06,9.62,15.73,-80.25,285.25,-149.06,-18.37,-1.4,-1.68,-37.06,245.69,5.12,rampdescent
273.39,-20.17,2.82,9.79,-193.75,186.06,-140.12,-14.28,8.45,-5.41,-19.12,244.5,22.37,rampdescent
273.4,-2.52,-7.62,9.29,-157.5,123.12,-123.75,-9.45,-5.16,-5.69,-166.06,197.5,44.75,rampdescent
273.42,-14.39,6.82,10.23,-96.12,72.0,-121.19,-16.89,-3.51,-5.77,58.0,177.31,29.56,rampdescent
273.43,-6.36,1.21,8.99,-39.63,18.06,-50.63,-13.78,-6.02,-2.82,93.75,167.31,4.87,rampdescent
273.45,-6.61,2.06,8.04,-14.06,16.44,-32.81,-8.74,5.18,-4.55,163.62,150.12,-12.5,rampdescent
273.46,-6.54,1.22,8.01,-6.0,18.25,-24.87,-9.87,3.97,-4.82,59.88,136.0,-4.69,rampdescent
273.48,-6.02,-0.15,8.25,-15.38,12.19,-21.56,-10.65,-0.87,-3.77,-25.19,104.56,-0.25,rampdescent
273.49,-5.78,0.53,8.25,-16.0,10.31,-14.5,-10.92,-0.41,-2.52,1.87,94.81,-4.62,rampdescent
273.51,-5.76,0.48,8.2,-10.75,13.88,-13.19,-10.28,0.7,-3.07,39.44,73.69,-10.88,rampdescent
273.53,-5.93,0.05,8.19,-9.44,14.88,-10.69,-10.41,0.62,-3.13,23.19,58.5,-7.62,rampdescent
273.54,-5.85,0.2,8.1,-8.0,14.88,-7.25,-9.82,-0.18,-2.25,22.44,53.94,-6.62,rampdescent
273.56,-5.94,0.36,7.88,-6.12,15.81,-5.94,-9.62,0.26,-2.26,24.56,50.94,-6.12,rampdescent
273.57,-6.01,0.31,7.87,-5.62,16.12,-4.75,-9.35,0.9,-2.2,23.25,47.25,-6.37,rampdescent
273.58,-6.04,0.6,7.78,-5.75,14.13,-3.94,-9.27,1.04,-2.16,20.12,46.13,-6.81,rampdescent
273.6,-5.96,0.65,7.79,-4.0,12.63,-4.69,-9.26,0.46,-1.54,19.0,47.19,-8.63,rampdescent
273.62,-5.94,0.63,7.82,-2.56,10.25,-4.44,-9.2,0.67,-1.54,28.44,52.19,-12.19,rampdescent
273.63,-6.12,0.63,7.58,-3.37,9.25,-4.06,-8.75,1.0,-1.81,28.94,55.5,-13.5,rampdescent
273.65,-6.11,0.47,7.53,-4.12,7.5,-4.19,-8.46,0.77,-2.0,21.87,62.44,-16.94,rampdescent
273.66,-5.99,0.44,7.5,-6.06,3.94,-4.81,-8.36,0.79,-1.98,18.5,67.06,-18.44,rampdescent
273.68,-5.94,0.57,7.47,-6.31,4.56,-5.37,-8.72,0.75,-1.82,9.69,75.12,-16.94,rampdescent
273.69,-5.88,0.58,7.86,-7.75,6.37,-7.25,-9.32,0.01,-1.78,8.56,79.12,-16.87,rampdescent
273.71,-5.96,0.14,7.85,-7.37,7.56,-8.94,-8.85,-0.4,-2.03,11.06,82.56,-16.31,rampdescent
273.73,-5.93,-0.17,8.04,-5.25,11.63,-10.81,-8.98,-0.69,-2.29,17.69,92.37,-12.88,rampdescent
273.74,-5.89,-0.16,8.21,-3.25,20.69,-12.19,-9.54,0.64,-1.25,25.0,107.12,-15.75,rampdescent
273.76,-5.44,1.15,8.31,-1.0,24.5,-14.19,-10.1,1.31,-1.49,27.5,114.94,-17.69,rampdescent
273.77,-5.34,1.7,8.4,0.13,30.31,-18.56,-10.42,1.19,-2.13,25.5,123.75,-13.69,rampdescent
273.78,-5.59,1.41,8.64,-2.5,47.0,-34.31,-10.94,-0.47,-2.93,36.56,126.81,-11.88,rampdescent
273.8,-5.34,1.18,9.0,-3.62,56.44,-43.88,-11.31,-0.37,-3.18,62.38,134.56,-7.81,rampdescent
273.82,-5.5,0.58,9.76,-19.5,88.06,-57.13,-12.49,-0.26,-2.84,64.44,139.62,-7.19,rampdescent
273.83,-5.38,1.16,9.8,-38.5,125.94,-72.37,-13.31,0.19,-2.74,63.31,152.0,-6.12,rampdescent
273.85,-5.22,1.81,9.94,-45.38,145.5,-86.0,-14.22,0.47,-2.18,68.62,160.19,-5.69,rampdescent
273.86,-3.87,4.12,11.83,-76.44,206.56,-133.25,-19.83,2.39,3.07,99.19,183.69,-8.31,rampdescent
273.88,-2.55,4.98,12.86,-109.25,253.25,-170.31,-21.2,2.55,4.77,108.56,196.81,-11.31,rampdescent
273.89,-5.55,1.17,15.07,-158.37,369.12,-248.19,-23.98,0.07,4.56,110.0,208.5,-25.87,rampdescent
273.91,-9.9,-3.75,15.12,-152.5,429.19,-263.69,-23.44,-1.15,4.14,137.31,217.19,-49.63,rampdescent
273.92,-13.17,-1.74,18.53,-60.94,525.69,-228.06,-17.22,3.19,0.88,153.69,213.0,-69.37,rampdescent
273.94,-12.01,5.09,17.7,-22.94,543.0,-226.69,-13.62,8.45,0.41,166.06,170.87,-97.81,rampdescent
273.96,-16.26,12.09,18.11,-26.12,540.87,-260.56,-7.06,5.16,-7.83,137.5,133.12,-88.94,rampdescent
273.97,0.59,11.29,14.42,-99.44,419.44,-257.25,-5.62,4.6,-18.6,52.06,100.87,-66.0,rampdescent
273.98,-37.79,17.82,36.48,-94.12,17.0,11.69,-5.49,-1.88,-9.08,-136.87,45.19,-38.5,rampdescent
274.0,-5.36,23.69,13.95,-38.69,-210.87,196.44,-9.01,3.19,3.92,-111.62,-7.75,-47.56,rampdescent
274.02,4.9,-0.74,4.24,-141.69,-218.62,247.94,-5.24,2.37,1.61,-74.37,-54.75,-19.75,rampdescent
274.03,2.2,-5.66,5.55,-100.5,-186.37,229.19,-5.06,0.82,0.06,-154.25,-142.31,12.13,rampdescent
274.05,-2.48,2.14,9.25,62.5,-195.0,181.62,-5.04,0.07,-1.07,-174.31,-176.81,22.56,rampdescent
274.06,-3.86,3.96,9.74,50.25,-267.25,114.75,-4.93,-1.36,-0.9,-137.12,-232.25,34.13,rampdescent
274.08,-5.25,0.89,10.28,42.69,-304.75,100.44,-6.06,-3.16,-2.11,-90.62,-258.94,34.56,rampdescent
274.1,-5.23,0.28,8.78,94.75,-354.31,118.56,-7.38,-2.39,-2.01,-25.12,-300.37,28.81,rampdescent
274.11,-5.53,1.21,8.39,115.44,-362.19,134.19,-7.47,-1.73,-2.47,-9.31,-318.37,29.31,rampdescent
274.12,-7.92,1.16,8.95,119.44,-353.12,158.94,-8.65,-0.79,-4.02,-17.44,-355.69,44.0,rampdescent
274.14,-8.96,0.35,9.29,116.62,-343.75,169.94,-10.26,-2.22,-4.58,-46.44,-372.25,50.56,rampdescent
274.15,-10.55,-3.47,10.59,118.62,-318.25,174.19,-11.51,-3.1,-4.28,-61.75,-390.31,53.69,rampdescent
274.17,-11.83,-3.74,11.87,132.06,-301.0,160.44,-11.94,-2.74,-4.41,-34.06,-395.87,52.25,rampdescent
274.19,-14.44,-1.11,13.7,154.94,-284.37,118.69,-14.33,-1.05,-6.58,4.94,-404.31,56.31,rampdescent
274.2,-16.03,-0.43,13.75,147.75,-280.94,105.37,-15.25,-1.7,-6.63,-4.0,-409.25,56.31,rampdescent
274.22,-18.33,-1.99,13.17,136.25,-251.37,109.31,-16.68,-2.59,-6.79,-1.5,-407.12,51.0,rampdescent
274.23,-20.91,-2.7,12.74,142.06,-230.25,119.31,-16.71,-1.61,-7.57,42.25,-379.75,35.5,rampdescent
274.25,-25.83,-1.1,9.23,153.94,-211.19,134.62,-14.97,1.1,-10.03,44.38,-355.87,35.88,rampdescent
274.27,-25.59,-1.91,5.06,120.75,-210.62,135.5,-13.52,-0.07,-11.34,1.75,-298.75,45.69,rampdescent
274.28,-24.52,-7.23,-0.56,83.0,-182.25,136.56,-9.06,-2.7,-12.12,-12.56,-222.94,38.25,rampdescent
274.3,-31.26,-12.86,-9.29,70.94,-164.25,132.75,-4.76,-1.03,-12.51,18.0,-159.19,22.19,rampdescent
274.31,-14.44,-12.1,-11.72,60.44,-62.63,75.31,-7.97,-0.33,-8.46,-25.75,56.19,17.62,rampdescent
274.33,-12.72,-7.34,-7.48,49.69,27.31,14.38,-8.78,-1.65,-7.66,-25.75,56.19,17.62,rampdescent
274.35,-21.67,3.73,5.61,-14.44,128.44,-64.81,-7.77,-0.25,-6.73,-7.56,135.37,8.5,rampdescent
274.36,-20.68,5.88,-2.53,-106.44,162.12,-84.06,-8.71,-0.42,-5.32,-36.0,146.37,11.56,rampdescent
274.38,7.2,-9.12,11.11,-159.0,151.75,-83.69,-16.78,0.63,12.74,-78.62,165.0,8.75,rampdescent
274.39,-10.7,-11.72,13.57,-119.75,240.87,-142.81,-16.52,-4.11,-6.44,-130.62,169.31,14.31,rampdescent
274.41,-19.54,4.43,16.17,-90.75,253.44,-140.19,-17.91,-5.62,-4.19,-79.69,205.0,0.06,rampdescent
274.42,-34.54,16.18,18.88,-183.37,116.25,-115.62,-12.73,5.53,-6.7,-27.62,221.31,10.44,rampdescent
274.44,-5.57,-14.56,14.6,-189.25,114.56,-95.87,-10.11,-5.68,-3.99,-167.69,188.37,45.31,rampdescent
274.45,-12.47,7.3,8.5,-73.19,51.94,-94.56,-14.15,0.49,-6.64,41.69,174.94,34.63,rampdescent
274.47,-7.95,-8.43,13.05,-65.81,33.56,-64.5,-13.55,-4.4,-4.43,62.88,160.75,22.62,rampdescent
274.49,-7.02,1.69,8.36,-12.13,23.62,-23.0,-11.6,1.93,-3.25,137.31,140.94,0.37,rampdescent
274.5,-5.77,0.08,8.2,-7.0,23.75,-17.62,-9.51,4.53,-4.57,97.0,128.69,2.75,rampdescent
274.52,-5.77,1.04,8.1,-8.25,20.37,-15.0,-10.74,0.76,-2.28,4.75,103.56,6.44,rampdescent
274.53,-5.87,0.16,8.26,-8.13,20.5,-12.94,-10.66,0.56,-2.7,18.87,94.12,3.12,rampdescent
274.55,-6.31,0.49,7.96,-4.0,22.12,-11.75,-10.22,1.66,-3.48,37.69,74.81,-3.62,rampdescent
274.57,-6.21,0.15,8.15,-10.94,16.81,-9.13,-10.06,0.57,-2.31,26.87,57.5,-5.81,rampdescent
274.58,-6.03,0.54,7.86,-7.12,16.37,-6.19,-9.79,0.74,-2.03,28.0,52.81,-5.87,rampdescent
274.6,-5.99,0.61,7.97,-5.75,17.5,-6.12,-9.71,1.02,-1.8,19.5,48.25,-5.12,rampdescent
274.61,-6.06,0.48,7.83,-6.5,17.94,-6.5,-9.68,0.89,-1.75,16.81,45.44,-5.0,rampdescent
274.63,-6.06,0.51,7.78,-4.69,19.56,-6.62,-9.54,0.59,-1.59,21.31,45.31,-5.31,rampdescent
274.65,-6.09,0.47,7.76,-1.12,22.0,-7.56,-9.32,0.9,-1.4,32.38,46.38,-6.44,rampdescent
274.66,-6.0,0.86,7.68,-0.25,22.5,-7.81,-9.29,1.06,-1.3,36.13,48.69,-7.5,rampdescent
274.68,-6.28,0.69,7.49,1.25,25.31,-10.13,-8.81,1.15,-1.56,36.63,55.19,-9.0,rampdescent
274.69,-6.37,0.64,7.38,1.37,24.81,-11.06,-8.75,0.92,-1.73,34.25,58.94,-9.75,rampdescent
274.71,-6.23,0.16,7.37,-0.81,21.62,-10.38,-8.73,0.32,-1.71,30.69,69.37,-13.0,rampdescent
274.72,-6.37,-0.02,7.41,-0.13,21.56,-9.56,-8.62,0.39,-1.69,28.81,75.37,-14.75,rampdescent
274.74,-6.43,0.34,7.51,1.94,23.37,-9.5,-8.28,0.39,-1.75,27.25,87.06,-15.69,rampdescent
274.76,-6.28,0.71,7.34,3.56,25.69,-10.75,-8.7,0.63,-1.76,29.37,98.56,-14.75,rampdescent
274.77,-6.09,0.65,7.74,3.5,30.69,-13.25,-9.0,0.98,-2.09,31.62,103.5,-14.94,rampdescent
274.79,-6.21,0.79,7.68,3.37,33.69,-15.13,-9.73,0.5,-2.58,26.12,111.0,-13.81,rampdescent
274.8,-6.32,0.71,8.0,4.06,42.25,-18.44,-9.75,0.0,-2.75,28.69,114.25,-14.0,rampdescent
274.82,-6.3,0.81,8.1,5.62,48.69,-20.31,-10.25,0.15,-2.97,42.81,122.44,-17.12,rampdescent
274.83,-6.21,0.8,8.27,3.87,66.37,-24.87,-10.3,0.24,-3.16,45.19,127.37,-17.44,rampdescent
274.85,-6.09,0.93,8.62,1.75,76.31,-28.5,-11.66,0.06,-3.12,42.38,136.69,-15.63,rampdescent
274.87,-6.21,1.4,8.75,-4.75,106.19,-39.06,-12.45,0.45,-2.66,45.88,147.06,-16.19,rampdescent
274.88,-5.93,2.26,8.8,-14.69,136.75,-56.63,-12.72,0.42,-2.67,46.75,152.44,-16.44,rampdescent
274.9,-5.42,2.84,9.4,-29.5,155.87,-71.31,-14.16,0.76,-1.17,55.88,164.44,-15.56,rampdescent
274.92,-4.62,2.6,9.75,-74.25,212.56,-116.06,-15.01,0.57,-0.5,62.25,177.94,-14.44,rampdescent
274.93,-4.83,2.38,9.71,-86.75,248.19,-141.12,-19.63,-0.06,0.97,67.19,179.44,-14.13,rampdescent
274.95,-6.32,1.0,12.41,-100.12,337.44,-183.56,-23.07,-1.0,4.07,117.12,193.5,-34.0,rampdescent
274.97,-11.73,-3.29,16.18,-72.25,451.75,-185.75,-21.25,0.96,3.07,119.19,184.44,-71.19,rampdescent
274.98,-14.51,-5.19,17.81,-0.44,527.37,-157.75,-19.07,1.29,2.05,91.12,184.56,-90.37,rampdescent
275.0,-13.02,6.56,20.4,53.31,550.19,-164.62,-15.27,8.78,3.0,97.56,154.31,-123.19,rampdescent
275.02,-18.52,18.97,14.15,0.56,473.62,-213.69,-11.51,10.2,0.58,93.19,121.94,-116.0,rampdescent
275.03,-7.88,17.87,11.73,-119.0,325.06,-229.62,-5.27,4.37,-16.42,-103.25,59.31,-68.81,rampdescent
275.05,-27.2,14.52,29.62,-140.31,-150.75,34.31,-8.37,-0.49,-7.39,-230.06,13.38,-60.25,rampdescent
275.06,0.02,13.64,11.36,-140.81,-348.25,117.56,-9.12,-2.86,5.31,-190.31,-13.31,-59.5,rampdescent
275.08,3.33,-1.87,4.87,-130.44,-302.94,87.44,-4.78,-1.45,2.22,-43.31,-113.5,-44.06,rampdescent
275.09,2.07,-2.75,5.22,12.31,-258.5,68.44,-4.74,-0.33,-0.04,-39.5,-153.56,-36.13,rampdescent
275.11,-3.67,5.96,7.87,61.19,-271.62,70.94,-5.65,0.32,-1.32,-28.87,-208.37,-20.37,rampdescent
275.12,-5.02,7.18,7.52,46.06,-324.5,80.19,-5.22,0.44,-1.57,-19.94,-232.06,-10.81,rampdescent
275.14,-5.37,5.39,7.61,34.38,-345.25,94.44,-6.67,-0.83,-2.29,-28.81,-281.87,11.69,rampdescent
275.16,-5.17,3.1,6.96,62.19,-364.5,145.62,-7.12,-1.3,-2.1,-38.94,-301.19,18.19,rampdescent
275.17,-5.83,3.3,7.29,80.31,-359.56,170.0,-8.15,-0.22,-3.35,-52.44,-335.0,33.63,rampdescent
275.19,-8.95,2.29,9.55,89.19,-340.19,202.44,-8.86,-0.48,-4.08,-68.19,-351.69,42.81,rampdescent
275.2,-9.97,1.23,10.12,80.69,-328.87,209.62,-11.07,-2.93,-3.73,-104.44,-381.87,49.81,rampdescent
275.22,-10.34,-2.13,11.22,87.87,-319.25,198.44,-12.04,-3.07,-3.61,-67.94,-399.56,44.25,rampdescent
275.23,-13.09,-3.16,14.23,129.87,-302.12,155.44,-13.62,-2.07,-4.91,-36.31,-407.56,42.0,rampdescent
275.25,-17.09,-0.44,16.78,135.44,-320.44,113.81,-16.37,-1.31,-6.16,15.75,-417.56,42.31,rampdescent
275.27,-18.87,-2.35,14.7,131.94,-322.0,99.19,-17.02,-1.5,-5.86,32.69,-417.12,42.13,rampdescent
275.28,-20.51,-3.42,13.69,150.75,-294.19,81.62,-16.78,-0.41,-7.61,68.19,-403.56,36.56,rampdescent
275.3,-24.02,-2.07,9.68,161.0,-279.37,77.44,-16.39,0.51,-9.19,68.19,-365.06,39.31,rampdescent
275.32,-26.25,-1.81,5.72,148.62,-252.56,84.25,-14.19,-0.16,-11.91,45.88,-339.12,42.13,rampdescent
275.33,-26.47,-3.05,2.4,128.25,-237.56,94.19,-9.08,-1.37,-15.06,0.44,-265.37,42.63,rampdescent
275.35,-37.87,-13.81,-12.25,68.75,-182.06,128.31,-7.3,1.53,-13.0,3.37,-117.37,19.06,rampdescent
275.37,-19.57,-15.71,-15.29,45.25,-40.06,94.62,-8.33,2.84,-12.13,8.94,-22.37,10.13,rampdescent
275.38,-18.05,-5.48,-3.9,51.5,57.19,39.25,-6.33,-1.04,-13.38,-67.87,84.81,13.06,rampdescent
275.39,-16.79,1.1,7.67,50.63,71.31,-10.63,-5.57,0.35,-11.78,-32.63,112.94,10.44,rampdescent
275.41,-19.25,5.46,7.14,-5.12,98.0,-20.81,-9.88,-2.25,-4.81,5.12,143.12,16.94,rampdescent
275.42,10.45,-8.43,8.76,-110.06,193.06,-83.44,-14.16,1.37,8.42,-15.81,129.5,21.25,rampdescent
275.44,-1.29,5.29,17.84,-87.5,267.19,-113.94,-21.6,4.44,9.88,-55.31,138.25,9.44,rampdescent
275.46,-23.95,25.88,17.51,-127.12,319.44,-174.25,-18.72,-6.24,-1.86,-96.0,143.37,25.44,rampdescent
275.47,-39.28,4.97,19.52,-253.75,305.12,-196.62,-13.04,4.3,-11.7,-118.75,231.75,52.06,rampdescent
275.49,-9.85,-10.18,14.66,-174.37,115.06,-107.87,-15.09,-7.29,-3.85,-118.75,231.75,52.06,rampdescent
275.51,-14.28,4.17,9.55,-60.81,64.44,-79.81,-7.56,3.19,-8.45,-84.31,211.25,40.0,rampdescent
275.52,-8.71,-2.29,10.46,-53.19,45.0,-60.38,-14.07,1.95,-4.6,131.69,169.69,10.94,rampdescent
275.54,-6.16,-0.12,8.7,-29.37,29.44,-33.06,-12.06,3.19,-5.32,121.69,154.56,4.94,rampdescent
275.55,-6.72,0.99,8.0,-20.75,33.69,-25.94,-10.49,1.62,-3.69,3.44,124.81,8.38,rampdescent
275.57,-5.92,0.55,8.49,-23.25,27.75,-17.87,-11.0,0.09,-3.07,5.56,111.5,6.37,rampdescent
275.58,-5.93,0.68,8.38,-23.0,26.87,-16.87,-10.34,0.64,-3.56,41.56,91.81,-2.06,rampdescent
275.6,-6.52,0.1,8.2,-9.88,28.0,-15.69,-10.21,1.18,-4.48,40.81,80.37,-3.12,rampdescent
275.61,-6.34,0.0,8.2,-8.0,24.75,-13.5,-9.94,0.37,-3.39,27.25,61.38,-2.69,rampdescent
275.63,-6.32,0.16,7.9,-5.06,20.5,-8.75,-9.6,0.33,-2.92,25.5,48.75,-1.06,rampdescent
275.65,-6.25,0.27,7.67,0.94,18.44,-6.75,-9.49,0.52,-2.71,26.37,44.69,-0.81,rampdescent
275.66,-6.19,0.39,7.56,0.69,17.44,-5.75,-9.5,0.78,-2.42,24.19,40.81,-2.25,rampdescent
275.68,-6.06,0.82,7.72,0.88,19.19,-5.75,-9.71,1.42,-1.5,22.69,40.13,-3.44,rampdescent
275.69,-6.08,1.25,7.65,0.88,21.81,-7.31,-9.67,1.49,-1.37,24.62,42.38,-5.62,rampdescent
275.71,-6.32,0.89,7.39,-0.69,21.06,-9.69,-8.83,0.57,-1.67,26.81,45.44,-6.75,rampdescent
275.72,-6.12,0.04,7.6,-0.5,20.69,-9.75,-9.12,-0.15,-1.42,28.0,55.56,-9.06,rampdescent
275.74,-6.23,0.1,7.6,2.31,24.31,-9.88,-8.95,0.1,-1.42,28.31,62.06,-9.13,rampdescent
275.76,-6.45,0.46,7.23,5.87,26.19,-9.94,-8.34,0.71,-1.6,29.56,75.81,-10.0,rampdescent
275.77,-6.63,0.65,7.03,6.12,25.69,-10.31,-8.18,0.97,-2.03,29.75,82.25,-11.38,rampdescent
275.78,-6.46,0.87,6.91,3.31,24.37,-12.25,-8.92,1.15,-1.96,31.81,92.5,-11.38,rampdescent
275.8,-6.24,0.85,7.65,2.75,27.25,-14.38,-9.47,0.34,-1.75,31.12,96.62,-10.0,rampdescent
275.81,-6.22,0.71,7.76,4.19,31.62,-16.75,-9.33,-0.16,-2.59,36.94,105.5,-10.25,rampdescent
275.83,-6.32,0.02,7.99,5.69,40.88,-18.5,-9.33,-0.48,-2.8,36.81,115.87,-13.63,rampdescent
275.85,-6.75,0.36,7.56,2.81,50.63,-17.56,-9.02,0.55,-3.64,35.5,120.5,-14.81,rampdescent
275.86,-6.87,0.7,7.18,2.19,53.38,-18.12,-9.02,0.93,-3.44,35.69,129.0,-16.56,rampdescent
275.88,-6.36,1.62,7.92,-0.69,64.25,-25.81,-10.3,1.21,-3.2,35.94,131.12,-15.5,rampdescent
275.89,-6.61,1.89,7.76,-4.56,74.94,-32.19,-10.77,0.8,-3.9,40.25,137.06,-15.25,rampdescent
275.91,-6.52,1.04,8.1,-12.38,92.62,-45.06,-11.45,-0.04,-3.84,42.75,139.81,-13.56,rampdescent
275.92,-6.18,0.96,8.87,-15.44,102.87,-52.06,-13.01,0.04,-1.82,55.13,151.5,-14.13,rampdescent
275.94,-5.56,2.51,9.11,-39.69,141.69,-77.12,-13.42,0.55,-2.14,57.94,157.44,-13.44,rampdescent
275.96,-4.53,2.66,9.12,-72.44,199.44,-120.25,-16.4,-0.41,0.02,63.94,169.25,-9.88,rampdescent
275.97,-4.55,2.61,9.65,-88.75,237.69,-145.75,-18.6,-0.08,1.54,84.87,173.62,-11.81,rampdescent
275.98,-3.64,2.39,10.61,-114.5,331.19,-200.62,-20.72,0.8,2.3,141.06,183.5,-29.69,rampdescent
276.0,-8.1,-0.78,12.87,-120.12,385.19,-209.94,-21.09,2.66,1.69,147.87,175.37,-46.44,rampdescent
276.02,-11.27,-2.32,13.6,-103.81,474.0,-184.0,-18.5,1.87,1.05,86.0,160.69,-80.19,rampdescent
276.03,-15.29,-1.52,17.29,-72.5,502.31,-169.5,-15.92,3.31,0.4,48.0,145.5,-105.69,rampdescent
276.05,-16.77,4.14,17.88,-9.19,546.12,-184.94,-13.56,7.81,-0.11,54.0,124.0,-107.69,rampdescent
276.06,-28.65,13.74,22.54,1.06,541.44,-181.81,-11.63,7.13,-4.4,27.75,99.56,-98.12,rampdescent
276.08,8.89,12.37,14.19,-102.37,188.56,-153.5,-5.51,1.96,-17.91,-122.75,49.69,-68.37,rampdescent
276.09,-35.79,6.82,38.06,-68.06,-39.63,-15.0,-7.09,-1.03,-7.41,-153.56,18.44,-62.31,rampdescent
276.11,16.69,13.46,1.92,-110.12,-338.06,123.69,-9.33,0.83,7.0,-86.44,-26.5,-46.75,rampdescent
276.13,1.5,-4.19,6.54,-100.56,-208.75,79.0,-5.57,-3.26,0.87,-42.81,-130.19,-22.25,rampdescent
276.14,-2.43,-0.1,10.13,12.19,-208.31,86.19,-6.0,1.02,-2.57,-48.38,-162.37,-15.5,rampdescent
276.16,-6.17,8.03,10.16,89.69,-289.06,98.87,-4.99,-1.49,-0.85,-63.44,-212.37,9.44,rampdescent
276.17,-5.95,7.48,9.22,62.31,-329.75,102.25,-5.11,-1.61,-1.6,-38.25,-238.44,22.25,rampdescent
276.19,-4.57,0.34,7.48,63.38,-374.81,133.06,-6.69,-2.37,-1.28,-21.81,-283.25,36.69,rampdescent
276.2,-4.04,-0.01,6.94,90.56,-379.87,149.37,-6.79,-2.0,-1.27,-18.25,-323.81,45.81,rampdescent
276.22,-6.0,0.36,7.38,132.0,-363.06,166.56,-7.91,-1.07,-2.58,-23.12,-342.19,53.13,rampdescent
276.23,-6.85,0.01,8.03,140.06,-348.5,169.06,-8.78,-1.31,-3.16,-44.81,-372.19,63.75,rampdescent
276.25,-8.91,-1.53,9.88,145.25,-321.62,160.44,-11.05,-2.8,-3.33,-37.31,-384.19,66.12,rampdescent
276.27,-12.91,-1.06,13.12,163.12,-294.12,126.44,-12.45,-1.43,-5.24,12.75,-400.5,67.0,rampdescent
276.28,-15.56,0.0,14.34,172.0,-292.87,117.56,-13.48,-0.45,-7.31,21.75,-406.0,70.5,rampdescent
276.3,-20.11,2.07,14.72,168.69,-314.06,134.25,-14.95,-0.58,-8.0,7.12,-408.12,77.81,rampdescent
276.32,-20.33,1.11,13.63,149.94,-315.87,176.56,-15.26,-1.29,-7.8,-14.63,-396.5,74.56,rampdescent
276.33,-22.38,-5.03,10.92,143.94,-301.19,190.0,-16.1,-2.63,-7.45,0.31,-380.31,63.06,rampdescent
276.35,-21.95,-5.68,8.97,135.25,-261.06,182.06,-16.07,-0.37,-8.39,25.75,-336.31,38.81,rampdescent
276.36,-22.31,-3.51,7.41,113.44,-238.56,166.94,-16.4,0.82,-11.16,-5.75,-317.0,29.25,rampdescent
276.37,-25.83,-2.78,2.52,26.75,-197.5,104.44,-12.37,0.05,-12.43,-35.56,-297.75,28.12,rampdescent
276.39,-34.66,-12.03,-6.16,18.81,-186.0,77.0,-3.72,-1.83,-16.33,-2.56,-196.44,27.44,rampdescent
276.41,-18.27,-17.82,-14.56,89.81,-106.94,32.31,-7.71,0.86,-11.37,32.69,-10.69,21.37,rampdescent
276.42,-12.59,-5.92,-10.57,98.81,32.81,-9.88,-7.9,-3.84,-10.21,-3.0,57.0,17.12,rampdescent
276.44,-21.47,-5.97,1.05,-94.75,194.19,-113.56,-8.92,1.68,-9.12,13.63,131.62,2.06,rampdescent
276.45,-14.64,-5.52,-0.2,-139.5,191.37,-127.25,-11.18,3.66,-6.1,32.13,164.94,0.19,rampdescent
276.47,-3.9,7.02,20.23,-136.81,261.06,-110.37,-19.41,-0.64,9.73,-98.25,193.62,0.37,rampdescent
276.49,-37.93,13.25,22.76,-139.44,291.25,-133.31,-16.03,-1.75,-6.93,-155.0,210.37,21.81,rampdescent
276.5,-30.01,-3.53,16.38,-207.12,159.06,-152.56,-15.36,3.45,-7.74,-68.37,242.56,11.19,rampdescent
276.52,-17.97,-11.02,16.38,-181.12,119.12,-120.06,-7.75,-9.41,-5.53,-227.75,212.94,49.38,rampdescent
276.53,-13.59,0.77,10.81,-97.81,68.87,-110.69,-14.05,-0.17,-7.08,-74.25,192.37,36.31,rampdescent
276.55,-6.98,-4.77,11.0,-19.37,28.87,-48.44,-11.05,-1.75,-3.9,100.44,183.69,15.0,rampdescent
276.56,-7.01,0.36,8.86,-9.56,30.0,-37.06,-12.03,3.92,-4.47,141.5,169.75,4.37,rampdescent
276.58,-6.56,0.76,8.16,-5.37,30.44,-24.5,-10.14,2.27,-4.67,67.81,144.25,8.06,rampdescent
276.6,-6.38,0.14,8.25,-10.81,25.81,-16.56,-10.64,0.07,-4.13,0.5,112.81,9.94,rampdescent
276.61,-6.29,0.05,8.13,-10.56,24.69,-13.31,-10.86,0.24,-3.81,28.19,97.69,7.44,rampdescent
276.63,-6.17,0.17,8.23,-5.37,26.5,-8.63,-10.2,0.81,-3.27,49.06,85.06,2.25,rampdescent
276.64,-6.11,0.35,8.15,-6.87,26.5,-6.44,-10.23,0.75,-2.87,41.31,63.88,-2.19,rampdescent
276.66,-6.08,0.14,7.97,-8.0,26.56,-3.12,-9.97,0.31,-2.61,25.56,50.44,-1.5,rampdescent
276.67,-6.23,0.24,7.86,-4.56,27.56,-1.81,-9.52,1.04,-2.4,31.5,46.19,-2.0,rampdescent
276.69,-6.02,0.45,7.76,-5.12,26.56,-1.25,-9.61,1.34,-1.8,31.75,41.19,-6.62,rampdescent
276.7,-5.91,0.79,7.84,-4.62,27.87,-3.75,-9.77,1.62,-1.57,30.56,41.0,-8.25,rampdescent
276.72,-6.39,0.89,7.52,-4.19,26.69,-5.25,-9.01,1.05,-2.22,28.87,42.0,-10.5,rampdescent
276.73,-6.32,0.45,7.51,-2.5,19.31,-7.25,-9.07,0.57,-2.3,30.31,43.25,-12.0,rampdescent
276.75,-6.4,0.11,7.38,-1.69,18.0,-6.75,-8.77,0.74,-2.27,30.62,47.63,-15.25,rampdescent
276.77,-6.45,0.22,7.35,-0.5,17.0,-6.44,-8.7,0.74,-2.2,22.87,53.31,-16.37,rampdescent
276.79,-6.49,0.28,7.24,0.0,14.63,-7.5,-8.6,0.37,-2.0,24.44,61.25,-17.44,rampdescent
276.8,-6.43,0.3,7.28,0.62,13.19,-7.75,-8.46,0.36,-1.98,27.87,66.06,-18.31,rampdescent
276.82,-6.36,0.27,7.35,1.25,13.56,-8.13,-8.85,0.58,-1.77,30.5,76.81,-19.06,rampdescent
276.83,-6.33,0.53,7.53,0.19,14.81,-10.38,-8.97,0.62,-1.85,28.25,82.19,-18.94,rampdescent
276.85,-6.31,0.52,7.59,-1.31,17.56,-11.44,-9.06,0.25,-2.28,19.5,92.62,-17.31,rampdescent
276.86,-6.32,0.11,7.75,-2.62,21.06,-12.25,-9.26,-0.06,-2.16,18.87,98.81,-17.75,rampdescent
276.89,-6.11,0.6,7.84,-1.62,28.62,-14.31,-10.26,0.88,-1.86,28.62,111.69,-19.0,rampdescent
276.9,-6.0,1.45,8.39,-4.44,44.13,-21.19,-10.66,0.83,-2.06,30.69,123.5,-18.31,rampdescent
276.91,-6.07,1.3,8.38,-7.5,55.63,-27.56,-11.22,-0.17,-2.2,36.56,130.0,-16.0,rampdescent
276.93,-5.91,0.91,8.86,-12.25,83.31,-42.44,-11.63,-0.23,-2.15,47.13,137.0,-15.25,rampdescent
276.94,-5.69,1.06,9.22,-17.44,100.0,-50.25,-12.92,0.14,-1.89,54.25,152.25,-14.06,rampdescent
276.96,-5.42,2.03,9.55,-31.5,137.81,-74.81,-13.79,0.47,-0.36,65.44,172.44,-14.44,rampdescent
276.97,-5.07,2.61,9.72,-45.5,165.25,-94.56,-14.89,1.17,-0.63,67.31,181.44,-12.0,rampdescent
276.99,-4.18,3.53,9.85,-79.62,228.5,-146.69,-18.23,0.28,0.76,91.31,190.31,-10.5,rampdescent
277.01,-4.79,2.72,10.25,-111.81,308.0,-206.06,-19.7,-0.44,2.02,113.62,195.25,-12.88,rampdescent
277.02,-6.93,-0.2,13.28,-113.94,355.56,-224.06,-22.17,1.49,4.01,167.81,199.56,-36.69,rampdescent
277.04,-12.1,-3.94,16.22,-74.69,462.69,-208.12,-20.55,1.53,1.39,150.81,195.56,-49.88,rampdescent
277.05,-14.76,-3.08,17.87,-31.75,500.44,-188.31,-18.23,2.57,1.31,103.37,191.44,-90.06,rampdescent
277.07,-15.91,4.11,18.57,43.94,540.25,-203.37,-15.04,7.26,1.47,109.31,173.5,-107.62,rampdescent
277.08,-15.52,8.25,20.3,-33.56,428.69,-241.12,-8.85,8.44,-4.7,55.63,109.19,-97.25,rampdescent
277.1,5.17,17.77,18.73,-157.25,236.31,-219.5,-8.54,5.92,-13.34,-143.06,43.69,-59.06,rampdescent
277.11,-37.44,5.67,38.86,-141.12,12.5,-55.31,-9.1,-1.61,-0.37,-205.56,30.94,-60.5,rampdescent
277.13,11.05,12.65,2.89,-119.75,-315.94,158.37,-9.21,-0.45,5.64,-188.69,6.25,-64.31,rampdescent
277.15,2.58,-2.24,5.15,-121.0,-230.56,139.25,-4.63,-2.06,1.83,-72.56,-92.19,-39.19,rampdescent
277.17,-1.27,1.2,8.07,48.19,-223.37,124.94,-5.17,-0.15,-1.07,-74.94,-169.37,-21.12,rampdescent
277.18,-3.33,4.38,8.37,79.0,-247.69,112.94,-5.32,-0.65,-1.07,-40.31,-216.5,-0.44,rampdescent
277.2,-4.44,4.9,8.42,57.75,-306.87,93.69,-5.03,-0.52,-1.62,-22.19,-243.69,12.19,rampdescent
277.21,-5.06,1.75,8.29,62.69,-328.87,99.62,-7.04,-1.66,-2.01,-18.0,-289.69,29.94,rampdescent
277.23,-5.13,2.04,7.74,105.25,-346.81,134.5,-7.21,-1.5,-2.14,-19.25,-308.5,36.44,rampdescent
277.24,-6.69,2.63,8.27,118.19,-342.81,153.44,-8.35,-0.9,-3.65,-35.19,-342.62,54.69,rampdescent
277.26,-8.42,1.88,9.33,118.75,-326.94,188.0,-9.29,-1.44,-3.94,-57.88,-357.25,62.44,rampdescent
277.28,-8.92,1.04,9.73,110.81,-308.06,194.56,-11.2,-2.96,-3.5,-74.44,-381.31,65.25,rampdescent
277.29,-11.77,-1.48,12.68,119.5,-298.56,185.12,-11.85,-2.12,-3.87,-51.75,-389.44,62.13,rampdescent
277.31,-13.49,-0.93,14.23,136.69,-301.0,162.12,-13.61,-0.44,-5.6,-16.56,-404.75,60.38,rampdescent
277.32,-17.59,1.19,16.08,133.19,-310.12,152.5,-15.99,-0.61,-6.1,-12.94,-413.56,62.31,rampdescent
277.34,-19.33,-1.46,15.12,130.25,-311.25,136.37,-16.9,-1.72,-6.14,-4.69,-414.0,62.5,rampdescent
277.36,-20.18,-3.84,14.38,146.56,-299.25,131.5,-16.84,-1.76,-7.63,50.94,-395.25,52.0,rampdescent
277.37,-23.67,-5.11,10.18,193.44,-271.19,116.0,-16.64,-0.67,-8.65,85.75,-375.5,47.31,rampdescent
277.39,-24.22,-3.53,7.94,172.75,-248.25,95.75,-12.99,0.77,-11.77,81.37,-325.81,44.56,rampdescent
277.4,-27.01,-4.46,-0.97,137.81,-227.75,87.5,-11.64,0.26,-13.9,49.5,-291.69,49.69,rampdescent
277.42,-30.85,-8.25,-5.42,87.75,-158.87,109.19,-5.22,-3.04,-16.22,4.56,-174.44,40.56,rampdescent
277.43,-26.46,-16.74,-13.6,81.62,-104.94,112.94,-8.83,1.95,-12.06,16.0,4.75,18.37,rampdescent
277.45,-14.66,-5.68,-7.25,50.88,59.38,28.0,-7.97,-0.55,-10.87,-29.31,56.56,15.81,rampdescent
277.46,-18.04,-4.14,-0.93,19.75,104.12,-20.62,-7.91,-0.6,-8.59,-10.06,116.31,13.56,rampdescent
277.48,-17.3,3.02,-6.36,-145.56,136.0,-77.12,-7.63,-1.29,-8.28,1.25,132.06,17.56,rampdescent
277.49,1.41,-13.6,-0.1,-199.87,146.31,-95.06,-17.79,-2.31,20.96,-60.25,153.62,13.75,rampdescent
277.51,-8.15,-8.49,19.91,-156.69,288.06,-135.69,-21.18,-0.88,18.01,-111.62,150.69,7.25,rampdescent
277.52,-19.8,-8.93,15.8,-129.5,312.31,-166.19,-19.68,0.58,-2.93,-202.94,174.5,23.19,rampdescent
277.54,-34.9,4.95,13.31,-248.69,163.37,-172.25,-15.7,5.25,-7.59,-100.06,217.19,13.38,rampdescent
277.56,-4.37,-21.08,16.97,-142.69,100.25,-112.06,-12.47,-9.8,-3.42,-183.5,215.12,53.81,rampdescent
277.57,-12.52,6.82,8.6,-46.88,62.81,-87.06,-10.53,-0.75,-8.66,-107.37,197.81,36.19,rampdescent
277.59,-12.06,4.5,7.91,-21.94,26.62,-36.44,-10.27,-2.03,-5.51,113.37,190.94,17.25,rampdescent
277.6,-7.01,0.88,8.71,-14.0,19.31,-24.0,-12.75,3.18,-3.92,116.81,172.56,4.06,rampdescent
277.62,-5.61,0.52,8.22,-3.75,17.25,-20.37,-10.25,5.71,-4.75,97.62,143.69,-3.44,rampdescent
277.64,-5.98,0.63,8.23,-17.87,9.38,-18.87,-10.95,-0.48,-3.07,-20.06,109.81,-0.19,rampdescent
277.65,-6.09,0.17,8.23,-13.56,9.31,-16.31,-10.08,0.46,-3.59,-8.06,98.37,-3.69,rampdescent
277.67,-6.06,0.24,8.15,-5.06,11.06,-12.13,-10.58,0.47,-2.86,22.87,75.12,-7.75,rampdescent
277.68,-5.97,0.12,8.16,-8.81,9.44,-10.44,-10.31,0.36,-2.63,20.25,65.75,-11.19,rampdescent
277.7,-5.99,0.22,8.03,-5.56,11.5,-7.37,-9.73,0.63,-2.33,19.06,52.81,-12.69,rampdescent
277.71,-6.09,0.24,7.97,-4.19,11.63,-6.37,-9.55,0.65,-2.32,17.31,49.31,-12.56,rampdescent
277.73,-6.11,0.23,7.78,-6.19,8.06,-4.37,-9.29,0.35,-1.97,14.19,44.88,-12.94,rampdescent
277.74,-5.91,0.56,7.75,-4.69,7.75,-4.0,-9.34,0.8,-1.64,20.0,44.06,-14.13,rampdescent
277.76,-5.99,0.66,7.71,-2.87,9.06,-4.81,-9.26,0.81,-1.85,21.0,43.25,-14.25,rampdescent
277.78,-6.02,0.51,7.68,-3.44,8.44,-5.06,-8.89,0.52,-1.66,20.12,43.56,-13.88,rampdescent
277.79,-6.02,0.37,7.63,-2.87,7.19,-4.69,-8.73,0.39,-1.46,20.56,45.63,-15.31,rampdescent
277.81,-6.08,0.26,7.48,-1.94,5.81,-4.62,-8.38,0.56,-1.62,22.12,53.75,-17.44,rampdescent
277.82,-6.26,0.07,7.7,-3.06,1.5,-3.75,-7.83,0.84,-1.73,20.37,59.44,-18.44,rampdescent
277.84,-6.23,0.08,7.63,-3.81,-3.56,-2.37,-8.06,0.32,-1.48,10.88,81.87,-20.0,rampdescent
277.85,-5.38,1.06,7.47,-3.81,-2.87,-2.19,-9.0,0.73,0.07,13.5,96.69,-15.19,rampdescent
277.87,-4.95,1.59,8.26,-4.94,11.81,-7.75,-10.35,0.99,0.0,9.56,102.44,-12.5,rampdescent
277.89,-5.35,1.21,8.11,-6.31,15.19,-10.88,-10.27,0.34,-0.84,13.25,114.56,-10.38,rampdescent
277.9,-5.64,0.26,8.45,-7.75,25.56,-13.75,-9.01,-0.45,-2.79,23.19,118.94,-10.06,rampdescent
277.91,-6.01,0.1,8.13,-5.69,28.81,-15.19,-9.14,-0.3,-3.22,36.0,123.0,-10.75,rampdescent
277.93,-5.46,0.14,8.45,-2.75,30.69,-18.5,-9.89,-0.23,-3.13,48.5,128.44,-10.63,rampdescent
277.95,-5.24,1.32,8.89,4.56,50.94,-31.5,-11.02,0.54,-2.24,60.44,139.75,-12.13,rampdescent
277.97,-5.51,2.46,9.68,-12.13,80.19,-50.88,-13.49,0.9,-2.43,59.94,152.0,-8.5,rampdescent
277.98,-5.21,2.29,10.4,-12.13,80.19,-50.88,-14.08,0.55,-1.66,67.5,162.06,-5.37,rampdescent
278.0,-3.81,3.71,11.34,-56.56,157.0,-100.81,-16.04,1.34,-0.09,88.06,190.69,-1.94,rampdescent
278.01,-4.48,3.62,11.29,-68.81,189.94,-130.37,-16.86,0.98,-1.27,93.81,202.19,-2.06,rampdescent
278.03,-3.73,2.89,11.18,-92.5,229.19,-162.62,-21.63,0.36,2.85,131.69,213.87,-0.31,rampdescent
278.05,-2.99,4.27,13.81,-148.31,389.0,-271.12,-23.06,0.93,4.87,165.87,216.25,-22.81,rampdescent
278.06,-6.65,-0.03,16.06,-139.69,445.06,-281.25,-24.74,1.47,4.08,171.19,219.81,-40.06,rampdescent
278.08,-11.49,-5.88,16.11,-102.56,501.62,-258.25,-19.66,2.33,-0.47,154.31,203.75,-88.5,rampdescent
278.09,-10.29,2.84,17.15,-59.75,528.06,-233.94,-14.01,5.16,-0.17,142.69,174.37,-107.0,rampdescent
278.11,-10.39,7.74,14.71,-44.5,548.12,-256.62,-7.18,6.71,-3.82,52.56,98.56,-93.19,rampdescent
278.12,-12.6,9.05,14.12,-147.37,409.0,-245.87,-5.5,4.32,-16.16,-46.31,65.94,-72.75,rampdescent
278.14,-38.99,13.12,38.15,-176.06,224.12,-152.25,-6.29,-1.91,-2.76,-193.12,21.5,-65.25,rampdescent
278.16,-17.74,22.63,22.74,-96.81,-47.0,73.81,-8.33,2.07,6.59,-117.37,-32.06,-53.13,rampdescent
278.17,9.41,-0.2,1.5,-166.75,-244.94,241.87,-4.09,-1.34,2.82,-110.44,-88.69,-28.19,rampdescent
278.19,4.92,-6.89,3.28,-98.31,-193.87,210.0,-4.55,-2.31,1.8,-136.62,-135.06,-14.19,rampdescent
278.2,-1.51,1.55,8.84,22.06,-175.44,181.0,-5.04,0.79,-0.89,-118.5,-200.56,9.94,rampdescent
278.22,-3.93,5.24,9.85,71.25,-266.62,77.31,-4.77,-1.82,-1.33,-58.69,-252.5,31.0,rampdescent
278.23,-6.4,1.13,10.05,71.25,-266.62,77.31,-5.78,-2.63,-2.43,-25.56,-274.62,39.0,rampdescent
278.25,-5.9,0.48,8.48,92.75,-337.06,87.19,-6.69,-3.25,-2.29,3.19,-309.31,46.63,rampdescent
278.26,-6.12,1.37,7.89,128.12,-351.87,116.0,-7.64,-2.13,-3.03,0.75,-323.69,53.69,rampdescent
278.28,-7.82,0.54,8.4,149.44,-345.62,175.19,-8.15,-1.71,-3.46,-49.81,-350.31,66.37,rampdescent
278.3,-8.66,-0.5,9.08,139.94,-332.19,197.62,-10.45,-2.83,-4.22,-70.19,-360.19,66.94,rampdescent
278.31,-10.47,-4.88,11.5,120.94,-302.81,207.75,-11.93,-1.9,-4.12,-42.06,-371.31,59.75,rampdescent
278.33,-11.99,-4.33,12.97,129.44,-284.0,158.75,-12.38,-1.41,-5.05,-20.81,-376.56,56.06,rampdescent
278.34,-15.08,-2.0,15.39,132.31,-285.62,127.94,-14.24,-2.17,-5.97,-4.44,-385.44,52.0,rampdescent
278.36,-15.17,-1.88,14.45,112.87,-305.12,86.37,-15.18,-2.86,-5.26,29.62,-386.12,40.44,rampdescent
278.38,-17.74,-3.65,11.25,114.5,-281.56,65.31,-15.51,-2.19,-4.9,77.5,-373.69,34.63,rampdescent
278.39,-19.4,-2.86,10.73,129.75,-257.44,57.13,-15.39,-0.23,-7.4,74.19,-345.0,45.75,rampdescent
278.41,-22.71,-2.51,9.54,163.31,-221.75,48.88,-14.15,-0.05,-9.38,66.06,-323.44,51.94,rampdescent
278.43,-21.46,-4.18,3.48,185.12,-212.62,67.81,-13.66,-2.21,-10.64,48.88,-267.31,55.31,rampdescent
278.45,-21.19,-6.93,0.87,185.87,-202.44,83.19,-9.6,-2.71,-11.53,58.63,-231.75,43.31,rampdescent
278.46,-33.77,-12.37,-9.22,164.56,-154.81,114.0,-6.87,-1.66,-12.97,88.31,-98.75,16.37,rampdescent
278.47,-25.14,-8.76,-10.42,125.62,-137.0,110.81,-8.92,4.43,-9.72,51.81,-12.31,14.19,rampdescent
278.49,-15.09,-8.04,-14.67,-40.81,9.25,8.38,-8.39,-0.99,-10.74,-84.81,85.94,22.75,rampdescent
278.51,-18.92,-8.42,-0.51,-124.06,87.31,-60.38,-8.19,-2.05,-11.03,-111.69,117.94,11.31,rampdescent
278.52,-5.27,-1.37,3.73,-140.5,169.37,-62.88,-15.45,-3.85,4.78,-133.0,184.19,12.81,rampdescent
278.54,2.63,2.1,11.35,-169.69,261.5,-64.12,-19.65,-3.86,10.76,-132.81,188.0,9.19,rampdescent
278.55,-21.0,-13.68,17.92,-162.44,312.31,-107.44,-13.66,-5.84,-6.35,-154.25,190.69,10.44,rampdescent
278.57,-25.19,10.65,20.25,-108.12,287.75,-120.06,-14.62,6.08,-5.61,-79.94,219.5,-1.62,rampdescent
278.58,-1.6,-7.83,10.03,-192.31,127.62,-144.19,-10.87,-2.06,-4.02,-95.25,217.5,45.38,rampdescent
278.6,-15.79,-3.2,13.14,-161.0,97.81,-108.5,-14.38,-2.52,-8.1,-53.31,177.06,26.69,rampdescent
278.61,-6.95,-5.48,10.08,-61.56,54.56,-90.5,-13.93,-5.0,-4.36,12.38,177.19,21.0,rampdescent
278.63,-7.35,2.04,8.09,-21.69,12.5,-26.75,-9.79,1.72,-3.44,128.94,158.12,-7.5,rampdescent
278.65,-5.73,-0.15,8.25,-10.31,16.12,-19.5,-10.66,3.26,-4.32,151.56,146.19,-5.31,rampdescent
278.66,-6.25,0.35,8.04,14.06,22.5,-14.75,-10.26,3.78,-4.74,56.38,116.5,-0.13,rampdescent
278.67,-6.32,0.22,7.93,0.06,15.88,-12.25,-10.35,-0.33,-3.24,2.06,104.06,2.06,rampdescent
278.7,-5.8,0.28,8.27,-11.81,8.5,-7.44,-10.57,0.8,-2.7,17.25,82.56,-0.81,rampdescent
278.71,-6.11,0.52,8.05,-1.5,8.63,-6.75,-10.2,1.38,-2.62,31.87,66.25,-9.13,rampdescent
278.73,-6.09,0.37,7.97,-3.62,7.44,-7.56,-9.48,1.1,-2.11,27.37,59.69,-11.38,rampdescent
278.74,-5.96,0.63,7.82,-1.62,7.12,-6.81,-9.68,1.12,-1.55,27.25,55.38,-14.06,rampdescent
278.76,-6.06,0.8,7.74,-1.19,7.94,-6.31,-9.32,1.42,-1.96,22.56,53.56,-15.0,rampdescent
278.77,-6.18,0.35,7.59,-5.06,6.5,-5.69,-9.19,1.09,-2.17,8.56,52.63,-15.56,rampdescent
278.79,-6.05,0.26,7.63,-5.44,3.69,-4.75,-9.11,0.01,-1.88,6.06,52.31,-15.19,rampdescent
278.8,-5.78,0.45,7.81,-4.87,3.44,-4.5,-9.61,0.33,-1.47,16.62,53.25,-13.69,rampdescent
278.82,-5.94,0.56,7.76,-4.81,4.62,-4.81,-9.18,0.9,-1.73,22.31,54.75,-14.69,rampdescent
278.83,-6.15,0.59,7.66,-4.5,5.69,-5.75,-8.62,0.64,-2.09,20.75,58.88,-15.31,rampdescent
278.85,-6.0,-0.01,7.69,-6.44,3.62,-5.69,-8.79,0.15,-1.98,15.75,61.88,-14.0,rampdescent
278.86,-5.99,-0.01,7.84,-6.37,3.81,-5.62,-8.69,0.0,-1.66,14.44,71.81,-13.38,rampdescent
278.88,-5.97,0.14,7.94,-5.56,5.06,-5.5,-8.74,-0.02,-1.81,16.87,77.12,-12.81,rampdescent
278.9,-5.91,0.33,7.39,-3.62,8.13,-5.81,-8.98,0.31,-1.57,19.81,88.25,-13.56,rampdescent
278.91,-5.4,0.81,8.08,-3.62,7.37,-7.25,-9.75,0.86,-1.49,21.31,97.44,-11.25,rampdescent
278.93,-5.35,0.98,8.3,-5.37,14.88,-8.75,-9.93,0.05,-2.27,21.5,100.94,-10.63,rampdescent
278.94,-5.52,0.23,8.52,-6.69,27.25,-14.31,-9.89,-0.31,-2.72,25.87,103.75,-9.0,rampdescent
278.96,-5.44,0.37,8.39,-4.25,31.06,-19.37,-10.17,-0.46,-3.29,49.56,110.19,-8.44,rampdescent
278.97,-5.43,0.27,8.9,3.44,42.69,-28.0,-10.63,-0.48,-2.94,63.06,116.44,-9.88,rampdescent
278.99,-5.66,1.72,8.87,6.31,69.0,-35.5,-10.77,0.39,-2.52,63.75,120.81,-11.31,rampdescent
279.01,-6.02,1.33,8.86,0.62,79.44,-40.75,-11.85,0.31,-3.71,58.0,134.37,-13.25,rampdescent
279.02,-5.96,1.29,9.09,-18.75,103.0,-53.56,-12.19,0.03,-3.27,57.75,145.62,-12.94,rampdescent
279.04,-5.58,2.0,9.58,-29.0,118.0,-62.38,-15.53,1.43,-0.1,81.06,165.06,-15.06,rampdescent
279.05,-4.1,3.74,11.01,-44.75,158.94,-95.62,-16.7,2.11,0.51,87.19,174.94,-16.44,rampdescent
279.06,-3.93,3.98,10.97,-65.75,193.44,-122.94,-20.06,1.15,2.76,84.69,191.69,-19.06,rampdescent
279.08,-4.39,2.72,12.85,-123.37,275.87,-188.69,-21.4,-0.33,4.44,98.31,196.69,-26.69,rampdescent
279.1,-4.44,1.74,14.01,-145.0,375.94,-241.12,-21.92,-0.26,3.89,131.37,197.37,-54.13,rampdescent
279.11,-11.6,-3.71,17.26,-130.56,432.75,-237.06,-19.25,1.27,0.23,121.87,193.19,-71.62,rampdescent
279.13,-12.93,-1.87,17.66,-101.31,482.87,-215.19,-16.99,3.16,1.71,106.5,174.19,-106.19,rampdescent
279.14,-16.66,6.67,18.57,-41.56,534.06,-210.87,-10.08,8.23,-4.17,80.94,112.62,-99.0,rampdescent
279.16,-21.2,11.46,15.09,-54.25,521.5,-232.0,-8.7,4.44,-11.1,-15.69,91.87,-82.81,rampdescent
279.18,1.79,15.27,19.5,-145.0,154.75,-112.87,-9.34,-1.2,-3.64,-166.12,52.19,-62.19,rampdescent
279.19,7.61,25.34,5.62,-64.81,-138.62,109.19,-11.08,2.45,7.53,-102.94,-24.75,-45.31,rampdescent
279.21,10.01,0.13,0.32,-174.37,-242.94,198.44,-4.07,-2.2,2.64,-91.69,-87.06,-18.5,rampdescent
279.23,1.0,-9.46,8.61,-166.56,-167.75,174.25,-6.85,1.55,-2.31,-135.75,-160.25,1.75,rampdescent
279.24,-5.41,4.36,12.38,62.13,-159.62,138.81,-5.58,0.47,-2.68,-137.37,-189.81,12.13,rampdescent
279.26,-6.88,7.17,11.9,105.19,-216.19,120.56,-4.76,-2.64,-1.18,-53.0,-242.69,25.94,rampdescent
279.27,-3.92,0.6,8.04,57.13,-331.62,93.19,-5.81,-3.32,-0.97,-12.44,-267.62,29.25,rampdescent
279.29,-3.3,-0.53,7.03,95.31,-360.0,113.44,-6.91,-1.93,-0.96,21.69,-309.06,34.75,rampdescent
279.3,-4.47,1.83,7.54,125.19,-352.06,129.12,-7.1,-1.44,-1.52,19.12,-327.37,43.31,rampdescent
279.32,-5.86,1.9,8.59,140.25,-339.0,141.25,-9.28,-1.08,-3.66,-20.25,-362.06,61.75,rampdescent
279.33,-8.85,0.28,10.3,140.12,-319.94,161.62,-10.15,-1.77,-3.48,-39.38,-374.5,65.81,rampdescent
279.35,-10.0,-0.71,11.1,135.5,-314.06,166.31,-11.73,-2.05,-4.13,-19.87,-393.0,68.62,rampdescent
279.36,-12.62,-1.73,13.31,145.81,-296.12,158.62,-12.32,-1.32,-4.9,7.19,-402.19,71.87,rampdescent
279.38,-16.7,0.19,15.3,171.56,-295.94,145.06,-14.17,-1.08,-6.05,4.25,-406.37,73.31,rampdescent
279.39,-17.52,0.1,14.94,173.69,-301.69,144.06,-15.22,-1.84,-6.05,4.44,-406.5,70.19,rampdescent
279.41,-18.78,-3.1,12.64,175.44,-299.31,157.12,-15.94,-3.05,-5.61,23.5,-398.87,63.63,rampdescent
279.42,-19.73,-3.61,11.63,184.0,-284.87,163.12,-16.49,-1.63,-7.01,74.81,-367.94,52.5,rampdescent
279.44,-21.26,-2.56,9.44,211.37,-245.25,162.62,-16.81,-0.37,-8.61,68.87,-349.87,50.19,rampdescent
279.46,-24.73,-1.42,5.96,212.56,-224.69,160.81,-12.42,-0.97,-12.82,30.75,-303.12,49.94,rampdescent
279.47,-28.08,-5.49,0.19,175.37,-187.44,148.87,-9.92,-1.13,-14.1,31.06,-263.44,45.94,rampdescent
279.49,-34.73,-7.68,-4.26,129.5,-163.19,138.87,-3.24,0.31,-16.07,65.44,-103.25,31.75,rampdescent
279.5,-22.58,-8.21,-13.08,95.94,-147.75,123.75,-10.1,4.24,-9.83,41.5,-5.19,26.31,rampdescent
279.52,-15.05,-8.37,-15.01,52.31,-64.25,83.12,-7.85,-2.26,-11.82,-98.19,97.06,26.12,rampdescent
279.53,-19.29,-0.48,-3.03,-103.94,160.81,-34.19,-8.54,0.36,-11.33,-95.06,132.12,11.5,rampdescent
279.55,-1.4,-10.41,4.51,-236.81,191.56,-66.75,-14.68,-2.35,1.99,-160.0,183.25,26.06,rampdescent
279.56,-3.91,-9.39,23.49,-216.12,230.5,-51.94,-20.41,-5.66,16.62,-185.44,194.12,22.87,rampdescent
279.58,-26.22,-5.6,24.63,-170.06,314.12,-145.56,-16.34,-8.53,-7.33,-204.31,207.37,17.06,rampdescent
279.6,-34.8,6.97,18.16,-123.5,248.44,-165.25,-17.72,0.01,-4.52,-127.37,236.37,3.75,rampdescent
279.61,-9.76,-15.93,13.97,-193.0,104.31,-127.5,-8.39,-3.17,-6.29,-103.06,228.12,51.81,rampdescent
279.63,-17.01,-12.35,16.77,-212.06,120.81,-135.06,-7.14,-4.08,-9.21,-26.0,177.5,39.25,rampdescent
279.64,-6.65,-9.14,12.35,-61.63,32.5,-93.5,-16.82,-6.24,-3.83,32.75,170.75,30.06,rampdescent
279.66,-6.43,1.3,8.94,-33.06,25.06,-54.31,-12.57,-3.81,-2.04,151.37,154.44,-11.38,rampdescent
279.67,-6.58,1.51,8.08,-16.0,15.13,-25.94,-10.45,5.07,-4.46,124.75,145.06,-4.56,rampdescent
279.69,-6.09,1.0,8.01,-1.06,22.31,-22.56,-10.84,0.0,-3.55,-10.19,114.75,2.94,rampdescent
279.7,-6.12,0.04,8.21,-15.63,16.69,-17.44,-11.12,-0.39,-3.02,-9.0,99.62,0.75,rampdescent
279.72,-6.14,0.46,8.13,-8.0,17.25,-11.63,-10.33,1.28,-3.1,34.88,76.0,-9.0,rampdescent
279.73,-6.14,0.36,8.08,-5.06,18.19,-10.38,-10.35,1.14,-3.04,36.31,66.25,-10.25,rampdescent
279.75,-6.1,0.46,7.89,-10.75,13.31,-6.69,-9.7,0.53,-2.21,14.38,52.0,-10.38,rampdescent
279.76,-6.12,0.57,7.75,-9.0,12.88,-5.56,-9.51,0.52,-2.17,12.31,47.94,-10.44,rampdescent
279.78,-6.15,0.57,7.75,-4.44,11.75,-5.06,-9.39,0.88,-2.38,17.44,42.88,-11.63,rampdescent
279.8,-6.19,0.54,7.58,-4.0,9.25,-4.75,-9.31,0.79,-2.2,16.62,41.06,-12.5,rampdescent
279.81,-6.13,0.49,7.63,-4.0,6.06,-3.87,-9.18,0.03,-1.4,13.81,40.5,-13.44,rampdescent
279.83,-5.97,0.4,7.66,-3.25,5.31,-3.56,-9.23,0.29,-1.21,22.75,44.06,-13.75,rampdescent
279.84,-5.96,0.79,7.6,-3.5,4.69,-2.87,-9.23,0.81,-1.33,25.06,47.0,-13.88,rampdescent
279.86,-6.02,0.67,7.52,-3.5,5.5,-3.37,-8.94,0.36,-1.42,21.44,52.88,-14.06,rampdescent
279.87,-5.95,0.24,7.61,-4.44,4.75,-4.75,-8.87,0.23,-1.53,19.5,56.88,-14.44,rampdescent
279.89,-5.99,0.23,7.55,-4.81,5.44,-5.44,-8.79,0.21,-1.5,17.44,65.94,-14.69,rampdescent
279.9,-5.99,0.3,7.74,-4.5,6.37,-5.87,-8.84,0.22,-1.66,16.87,70.94,-13.25,rampdescent
279.92,-5.85,0.32,7.9,-4.69,7.44,-6.87,-8.8,0.06,-1.65,16.19,82.06,-13.06,rampdescent
279.93,-5.86,0.37,7.84,-4.06,7.94,-7.44,-8.82,0.51,-1.71,18.37,87.75,-14.0,rampdescent
279.95,-5.58,0.68,7.85,-1.12,16.25,-9.31,-10.24,0.4,-1.1,21.0,98.19,-15.56,rampdescent
279.96,-5.42,0.96,8.52,-0.94,21.75,-11.25,-10.79,0.53,-1.7,22.0,103.0,-14.75,rampdescent
279.98,-5.54,0.86,8.6,0.37,36.0,-18.69,-10.98,-0.11,-1.52,32.63,113.06,-13.56,rampdescent
279.99,-5.39,1.36,9.08,2.19,45.5,-23.75,-11.22,0.24,-1.6,45.81,118.5,-14.0,rampdescent
280.01,-5.63,1.69,8.96,-7.56,70.56,-37.06,-11.5,0.01,-1.73,58.56,133.25,-14.69,rampdescent
280.03,-5.52,0.96,9.45,-19.31,85.87,-43.25,-11.89,-0.1,-1.57,57.0,141.56,-14.75,rampdescent
280.04,-5.31,2.31,9.52,-35.44,118.37,-59.19,-13.8,1.21,-0.74,58.0,162.12,-15.56,rampdescent
280.06,-5.2,3.13,9.6,-41.69,136.87,-72.87,-14.24,1.46,-0.92,57.44,171.19,-14.75,rampdescent
280.07,-4.75,3.28,9.3,-70.94,183.75,-115.81,-15.08,0.33,-0.1,66.69,186.75,-10.56,rampdescent
280.09,-4.04,3.39,9.22,-90.25,213.31,-141.75,-15.96,-0.41,0.65,108.75,195.37,-6.25,rampdescent
280.1,-4.82,0.57,11.48,-126.0,276.75,-208.0,-20.86,-0.31,6.73,148.94,202.25,-6.31,rampdescent
280.12,-7.43,-1.74,14.27,-112.31,378.12,-260.94,-21.32,2.19,4.24,222.94,215.31,-26.0,rampdescent
280.14,-15.32,-1.73,19.66,-84.25,440.94,-265.06,-20.43,3.64,0.88,205.5,209.37,-37.75,rampdescent
280.15,-16.21,1.08,20.91,-26.12,519.31,-230.37,-16.79,5.97,1.22,141.75,184.06,-94.25,rampdescent
280.17,-15.3,5.01,20.5,4.0,532.37,-236.94,-13.0,7.77,-0.03,141.75,184.06,-94.25,rampdescent
280.19,-10.72,16.92,11.57,1.94,504.25,-258.06,-8.42,4.87,-16.96,-53.44,101.31,-64.87,rampdescent
280.2,-39.28,16.13,37.68,-111.19,87.62,-129.62,-9.39,-0.77,3.13,-150.81,47.63,-54.38,rampdescent
280.22,6.02,18.21,5.71,-51.81,-144.44,57.06,-9.94,1.12,3.91,-96.87,4.19,-48.88,rampdescent
280.24,6.04,2.44,3.89,-137.81,-210.44,168.0,-5.28,-0.23,0.39,-120.94,-92.5,-17.56,rampdescent
280.25,-1.18,1.81,8.66,-55.63,-149.31,190.37,-4.8,0.67,-2.47,-157.81,-165.94,-1.12,rampdescent
280.27,-3.9,4.28,9.73,11.56,-163.75,191.62,-4.9,0.18,-2.28,-145.37,-193.87,6.06,rampdescent
280.28,-5.7,2.42,9.31,23.06,-246.31,167.31,-5.72,-0.93,-2.68,-109.81,-251.5,17.0,rampdescent
280.3,-6.03,0.64,8.81,11.31,-288.94,155.06,-6.35,-1.55,-2.76,-96.75,-276.56,18.56,rampdescent
280.31,-6.8,-0.22,7.78,45.19,-339.06,154.0,-7.62,-2.27,-3.1,-68.5,-314.5,28.44,rampdescent
280.33,-7.16,-0.4,7.64,93.62,-347.87,159.19,-8.01,-2.42,-3.44,-54.94,-330.31,35.06,rampdescent
280.35,-8.59,-1.4,8.16,109.25,-342.62,158.94,-8.83,-2.73,-3.78,-31.5,-354.5,40.63,rampdescent
280.36,-10.07,-1.57,9.24,131.37,-329.19,148.25,-9.9,-2.36,-4.06,-8.75,-362.31,42.56,rampdescent
280.37,-11.12,-1.1,9.98,137.25,-320.75,133.5,-11.19,-1.23,-4.64,31.75,-375.06,52.94,rampdescent
280.39,-12.28,-0.56,11.05,142.12,-304.25,99.94,-12.81,-0.54,-6.24,21.94,-384.87,70.75,rampdescent
280.41,-15.48,0.4,13.4,145.25,-300.62,93.0,-13.64,-0.57,-6.44,8.81,-385.12,76.81,rampdescent
280.42,-16.07,0.93,13.67,156.56,-299.87,109.75,-15.66,-2.5,-5.89,-17.69,-383.87,80.06,rampdescent
280.44,-16.37,0.38,13.53,157.56,-294.69,128.94,-15.53,-3.08,-5.58,-13.69,-380.06,73.62,rampdescent
280.46,-18.47,-3.4,11.52,156.81,-262.19,167.75,-15.25,-0.98,-6.81,30.56,-354.69,50.88,rampdescent
280.47,-21.61,-2.19,7.9,158.31,-225.31,175.69,-14.2,0.33,-7.72,38.19,-337.81,46.0,rampdescent
280.49,-22.33,-2.21,6.25,146.62,-212.56,163.87,-14.22,0.05,-9.12,8.38,-293.06,53.56,rampdescent
280.51,-23.34,-6.81,2.13,112.06,-188.37,123.69,-9.2,-3.36,-12.65,-0.62,-223.19,51.88,rampdescent
280.52,-33.41,-14.66,-9.12,130.56,-148.87,113.06,-6.28,-3.23,-14.12,42.88,-79.12,28.69,rampdescent
280.54,-29.61,-14.24,-11.24,137.19,-124.75,113.44,-7.96,1.48,-11.0,25.62,-2.0,23.56,rampdescent
280.56,-16.01,-5.41,-4.71,92.5,-8.69,62.88,-8.07,-2.19,-9.75,-29.0,90.06,20.0,rampdescent
280.57,-17.91,3.32,5.08,4.56,105.25,-16.44,-7.99,0.61,-7.24,-24.81,114.5,13.06,rampdescent
280.59,-19.38,6.99,-5.86,-183.44,176.75,-80.06,-9.38,1.27,-4.93,-86.44,138.56,23.31,rampdescent
280.61,3.63,-2.76,14.56,-257.69,195.0,-116.62,-19.37,-4.49,20.08,-159.37,154.94,24.62,rampdescent
280.62,-35.27,8.08,21.7,-182.12,301.62,-153.31,-20.41,-4.8,2.72,-158.81,190.44,18.94,rampdescent
280.64,-36.38,2.68,13.77,-182.81,282.62,-191.75,-18.5,2.04,-4.58,-92.81,237.69,8.56,rampdescent
280.66,0.37,-15.97,15.56,-226.75,84.87,-119.0,-11.65,-12.21,-2.4,-193.75,244.62,41.31,rampdescent
280.67,-11.79,0.53,10.35,-90.19,72.31,-101.5,-7.2,-6.73,-8.62,-64.5,224.87,30.0,rampdescent
280.69,-7.5,-4.32,9.64,-8.38,40.69,-38.31,-9.09,-1.62,-6.91,115.87,207.44,21.75,rampdescent
280.71,-5.78,-0.44,8.9,-2.69,29.56,-30.19,-11.72,4.19,-6.58,124.87,155.81,3.12,rampdescent
280.72,-6.21,0.92,8.36,-5.69,18.62,-19.69,-10.1,4.49,-5.11,79.62,140.81,1.12,rampdescent
280.74,-6.04,1.1,8.28,-3.12,14.25,-16.56,-11.08,0.69,-3.19,-7.25,105.94,3.75,rampdescent
280.76,-5.85,0.5,8.26,-14.31,9.56,-14.06,-10.58,1.83,-3.25,24.75,84.12,-4.31,rampdescent
280.77,-5.86,0.98,8.22,-3.12,14.5,-11.69,-10.65,2.23,-2.95,25.81,74.81,-8.69,rampdescent
280.79,-5.92,0.54,8.14,-4.75,16.56,-11.13,-10.02,0.5,-2.52,10.56,58.5,-11.44,rampdescent
280.81,-5.96,0.34,7.97,-12.0,16.31,-8.25,-9.7,0.49,-2.47,12.38,49.13,-12.19,rampdescent
280.82,-5.91,0.28,7.92,-7.0,18.44,-6.69,-9.6,0.15,-2.67,15.31,43.38,-9.25,rampdescent
280.84,-5.83,0.5,7.98,-7.31,18.5,-6.19,-9.81,0.47,-2.42,18.87,40.75,-9.0,rampdescent
280.86,-5.98,0.32,7.76,-5.81,20.37,-5.06,-9.38,0.43,-1.93,26.37,37.75,-9.25,rampdescent
280.87,-6.0,0.47,7.64,-1.62,20.06,-4.69,-9.29,0.54,-1.77,31.62,38.06,-9.88,rampdescent
280.89,-5.89,0.41,7.72,-0.94,21.19,-5.31,-9.11,0.49,-1.45,40.19,42.56,-11.44,rampdescent
280.91,-6.19,0.27,7.57,2.25,23.5,-7.25,-8.57,0.93,-1.85,37.19,50.56,-13.5,rampdescent
280.92,-6.39,0.3,7.36,0.37,21.12,-7.31,-8.64,0.76,-2.06,28.81,55.19,-13.63,rampdescent
280.94,-6.23,0.39,7.4,-1.44,18.69,-7.12,-8.59,0.29,-1.86,20.81,63.81,-14.69,rampdescent
280.96,-6.13,0.35,7.59,-1.81,17.44,-8.69,-8.83,0.08,-1.76,29.0,72.87,-14.44,rampdescent
280.97,-6.16,0.29,7.63,0.56,19.37,-10.81,-8.88,0.16,-1.93,33.69,77.94,-13.75,rampdescent
280.99,-6.01,0.05,7.85,1.0,21.69,-11.44,-9.28,-0.07,-2.19,33.56,89.0,-12.5,rampdescent
281.0,-6.13,0.42,7.96,0.5,28.25,-12.5,-9.57,0.11,-2.2,33.81,94.31,-12.63,rampdescent
281.02,-6.01,0.83,8.14,-0.13,33.25,-13.63,-10.25,0.81,-1.94,38.19,105.5,-14.13,rampdescent
281.03,-5.91,1.3,8.54,-3.69,43.44,-18.06,-10.93,1.0,-1.31,38.25,119.06,-13.0,rampdescent
281.05,-5.64,1.75,8.68,-12.19,64.69,-31.12,-11.27,0.13,-1.04,40.69,127.75,-10.94,rampdescent
281.06,-5.54,1.17,8.95,-16.69,78.25,-40.69,-11.36,0.09,-1.34,47.69,136.25,-9.06,rampdescent
281.08,-5.62,0.95,9.02,-22.0,95.44,-50.56,-12.67,-0.28,-2.15,54.75,154.0,-7.69,rampdescent
281.09,-5.6,1.37,9.1,-33.13,130.75,-70.69,-13.16,-0.26,-2.08,56.25,161.44,-8.06,rampdescent
281.11,-4.79,2.21,9.15,-58.81,176.31,-101.94,-14.96,0.47,0.45,74.87,177.5,-6.5,rampdescent
281.12,-4.21,2.87,9.61,-73.25,205.56,-127.5,-16.12,0.08,1.75,92.12,185.44,-4.87,rampdescent
281.14,-4.23,2.6,10.26,-102.5,283.56,-191.31,-19.58,-0.74,4.6,139.56,200.87,-6.06,rampdescent
281.16,-5.18,0.49,11.74,-105.0,333.44,-216.56,-20.0,-0.34,3.83,188.06,210.44,-21.69,rampdescent
281.17,-14.86,-4.18,17.03,-71.37,452.31,-218.94,-20.12,0.5,0.36,184.94,210.25,-31.75,rampdescent
281.19,-14.22,-3.68,16.69,-32.44,496.44,-196.62,-17.96,4.7,0.98,167.81,213.62,-68.69,rampdescent
281.21,-18.34,9.32,24.14,81.19,542.25,-196.81,-10.6,11.05,-4.77,136.12,172.62,-102.31,rampdescent
281.23,-22.72,14.71,24.48,-7.62,409.87,-233.19,-10.03,6.71,-13.34,3.25,122.87,-83.5,rampdescent
281.24,-39.28,10.35,39.31,-150.31,177.12,-210.5,-8.75,0.61,-7.02,-193.5,66.94,-53.38,rampdescent
281.26,3.3,16.18,6.52,-107.12,-254.75,71.75,-10.95,-2.05,3.76,-211.44,47.5,-60.06,rampdescent
281.27,5.22,3.46,3.97,-142.62,-281.0,104.94,-8.62,-1.33,2.09,-156.31,7.75,-58.5,rampdescent
281.29,1.25,0.1,5.31,-118.5,-216.06,126.75,-4.69,-0.11,-1.75,-84.56,-89.69,-44.69,rampdescent
281.31,-0.5,1.28,6.51,8.0,-222.0,142.44,-5.88,0.57,-2.11,-79.5,-185.5,-22.06,rampdescent
281.32,-4.31,5.4,6.9,21.56,-247.12,138.5,-5.09,1.02,-2.77,-79.5,-185.5,-22.06,rampdescent
281.34,-5.1,4.09,7.03,8.0,-295.31,129.62,-5.43,-0.12,-3.68,-83.5,-241.75,0.5,rampdescent
281.36,-5.82,1.2,6.33,20.0,-314.19,136.31,-6.29,-1.92,-3.23,-95.0,-285.81,14.5,rampdescent
281.37,-5.88,0.8,6.09,59.06,-327.75,155.37,-6.5,-2.05,-3.14,-66.81,-316.75,25.94,rampdescent
281.39,-7.19,0.28,6.96,75.19,-323.75,159.62,-7.5,-1.92,-4.22,-57.75,-345.31,35.56,rampdescent
281.4,-8.21,-0.28,8.08,90.0,-314.56,159.81,-8.08,-1.97,-4.47,-52.88,-356.69,39.56,rampdescent
281.42,-9.24,-0.89,8.76,91.31,-310.0,156.19,-8.68,-1.95,-4.59,-33.75,-373.62,42.38,rampdescent
281.43,-11.43,-1.22,11.18,101.69,-303.12,144.56,-10.39,-1.45,-5.31,-21.62,-381.75,43.56,rampdescent
281.45,-12.26,-0.96,12.05,109.81,-302.81,137.25,-10.98,-1.16,-5.63,-8.69,-396.62,48.0,rampdescent
281.46,-14.48,-0.71,13.93,124.19,-307.56,124.62,-14.41,-1.38,-5.94,-0.19,-403.81,50.13,rampdescent
281.48,-15.53,-1.35,14.23,132.0,-307.69,118.69,-15.44,-2.16,-6.11,24.19,-411.81,48.06,rampdescent
281.49,-18.61,-3.69,14.43,158.94,-292.25,113.94,-17.23,-2.91,-6.47,51.75,-403.19,43.25,rampdescent
281.51,-22.04,-3.84,12.78,182.44,-281.06,114.56,-16.73,-0.48,-8.48,107.12,-372.25,40.31,rampdescent
281.52,-23.78,-2.79,9.21,220.56,-264.25,108.12,-16.24,-0.4,-9.21,106.25,-349.44,41.31,rampdescent
281.54,-24.74,-2.21,6.77,207.56,-241.19,97.75,-11.69,-0.23,-13.03,74.81,-287.62,55.25,rampdescent
281.55,-28.35,-7.22,-1.66,184.12,-219.62,90.56,-10.24,-0.99,-14.44,51.94,-239.87,54.0,rampdescent
281.57,-33.0,-15.61,-14.04,141.56,-169.25,107.75,-5.63,-0.17,-13.89,48.31,-66.87,25.12,rampdescent
281.59,-18.51,-6.84,-13.05,110.0,-138.87,111.19,-9.44,2.56,-10.65,-52.25,66.37,23.25,rampdescent
281.6,-21.6,-5.96,-11.23,-64.12,111.44,-9.13,-8.24,-0.56,-11.85,-83.81,108.37,16.44,rampdescent
281.62,-15.97,-6.67,-1.46,-136.5,174.56,-72.37,-8.72,0.7,-10.01,-82.56,141.69,11.06,rampdescent
281.63,-10.55,-6.35,4.12,-203.62,197.62,-115.69,-20.3,-6.49,16.73,-151.31,190.0,18.12,rampdescent
281.65,-5.61,-0.88,22.94,-155.75,253.31,-100.19,-22.07,-5.53,7.39,-163.19,183.31,9.94,rampdescent
281.67,-39.28,3.48,18.16,-126.19,283.12,-152.12,-18.16,0.44,-7.4,-88.44,235.69,7.31,rampdescent
281.68,-14.57,12.37,7.45,-190.5,196.06,-171.87,-12.31,3.01,-5.53,-150.19,244.56,48.88,rampdescent
281.69,-19.57,-7.56,15.35,-191.81,122.12,-114.12,-6.97,-6.13,-8.65,-150.87,205.37,38.88,rampdescent
281.71,-9.97,8.99,6.74,-123.12,75.12,-116.56,-7.51,-3.27,-11.04,57.38,189.37,30.0,rampdescent
281.72,-5.75,-6.17,11.02,-34.31,30.25,-48.06,-12.74,-2.94,-3.56,111.62,175.56,11.94,rampdescent
281.74,-6.11,0.15,8.71,-6.44,27.0,-24.37,-10.02,5.24,-6.05,128.25,145.69,3.25,rampdescent
281.76,-6.5,1.15,8.1,-3.56,21.06,-22.12,-10.78,3.18,-4.34,44.38,129.06,3.19,rampdescent
281.77,-5.98,0.38,8.3,-11.56,13.19,-18.12,-10.87,0.61,-3.14,7.75,97.75,2.5,rampdescent
281.79,-6.11,0.88,8.12,-12.63,12.06,-14.81,-10.46,2.04,-3.77,21.12,74.87,-7.69,rampdescent
281.8,-6.06,0.48,8.11,-7.44,13.31,-12.56,-10.36,1.26,-3.15,19.0,64.19,-10.69,rampdescent
281.82,-5.94,0.31,8.17,-8.88,11.31,-11.75,-10.21,0.21,-2.43,14.75,55.5,-11.75,rampdescent
281.83,-5.88,0.31,8.1,-9.31,11.31,-9.06,-9.83,0.25,-2.05,16.87,45.81,-11.25,rampdescent
281.85,-5.98,0.45,7.85,-6.19,13.19,-7.62,-9.64,0.36,-2.08,19.5,41.5,-10.0,rampdescent
281.86,-6.02,0.57,7.78,-6.0,13.19,-5.87,-9.43,0.9,-2.0,20.19,40.69,-10.19,rampdescent
281.88,-6.07,0.66,7.67,-5.06,13.25,-5.81,-9.32,0.81,-1.91,19.37,39.94,-10.06,rampdescent
281.89,-5.94,0.66,7.74,-3.31,13.5,-6.12,-9.37,0.45,-1.76,20.25,39.75,-10.5,rampdescent
281.91,-6.14,0.52,7.52,-3.87,13.44,-5.62,-9.31,0.59,-1.56,24.62,40.81,-11.81,rampdescent
281.92,-6.09,0.53,7.54,-3.75,10.56,-4.75,-8.81,0.72,-1.84,31.87,45.63,-13.63,rampdescent
281.94,-5.99,0.5,7.58,-3.75,9.38,-5.06,-8.74,0.44,-1.98,27.19,51.88,-14.63,rampdescent
281.96,-6.12,0.18,7.49,-4.31,8.75,-6.87,-8.73,0.23,-1.94,24.37,55.63,-15.44,rampdescent
281.97,-6.04,0.29,7.56,-4.06,9.19,-7.25,-8.78,0.14,-1.63,25.19,65.0,-17.25,rampdescent
281.99,-5.86,0.34,7.71,-4.0,9.63,-7.06,-8.93,0.06,-1.37,26.56,70.25,-17.0,rampdescent
282.0,-5.84,-0.02,7.93,-2.19,17.19,-7.87,-9.23,-0.31,-1.48,29.44,80.37,-15.0,rampdescent
282.02,-5.75,-0.07,8.2,0.0,22.81,-8.38,-9.44,-0.2,-1.47,30.37,86.75,-13.56,rampdescent
282.03,-5.92,0.68,8.22,3.44,31.25,-10.13,-9.77,0.19,-1.67,25.37,98.37,-12.19,rampdescent
282.05,-5.78,0.69,8.33,4.5,33.25,-12.44,-10.26,-0.07,-1.82,35.63,109.31,-13.06,rampdescent
282.07,-5.66,1.47,8.55,7.94,42.63,-18.87,-11.07,0.96,-1.59,48.88,115.25,-14.69,rampdescent
282.08,-5.82,2.0,8.75,7.5,53.69,-24.0,-11.34,0.8,-1.68,55.19,121.75,-15.31,rampdescent
282.1,-5.66,1.04,8.98,-5.06,78.0,-35.81,-11.57,-0.37,-1.85,56.13,137.31,-14.31,rampdescent
282.11,-5.62,1.16,9.38,-16.25,109.69,-50.81,-12.56,0.0,-1.51,58.94,155.75,-16.06,rampdescent
282.13,-5.74,1.72,9.6,-19.12,125.62,-58.44,-13.24,0.43,-1.41,61.19,165.56,-17.69,rampdescent
282.14,-4.8,3.29,9.31,-42.0,165.75,-87.19,-14.5,0.64,-1.14,66.06,180.81,-17.5,rampdescent
282.16,-4.65,3.14,8.98,-63.19,194.12,-110.62,-15.19,0.47,-0.39,77.62,186.81,-16.69,rampdescent
282.17,-4.69,3.67,9.61,-95.87,255.81,-172.37,-19.83,0.15,3.95,119.19,196.94,-15.44,rampdescent
282.19,-5.53,1.7,12.67,-112.94,296.87,-204.62,-21.45,2.06,5.37,156.81,204.62,-22.75,rampdescent
282.21,-12.31,-2.33,15.89,-108.44,405.62,-236.06,-20.84,3.1,1.77,157.0,201.5,-42.13,rampdescent
282.22,-13.17,-2.63,18.21,-55.69,490.56,-212.12,-20.1,2.87,2.68,114.0,207.5,-54.94,rampdescent
282.24,-13.74,5.33,19.4,-18.19,517.25,-211.87,-17.08,6.14,2.65,96.75,193.25,-89.62,rampdescent
282.26,-17.25,10.55,22.86,-23.19,545.81,-255.56,-10.05,5.69,-5.66,73.81,131.0,-89.69,rampdescent
282.27,-22.2,0.27,33.55,-129.69,288.44,-254.62,-9.59,4.59,-16.44,15.63,112.12,-76.56,rampdescent
282.29,-38.57,17.44,36.9,-79.12,103.06,-116.69,-10.11,0.17,2.2,-124.31,58.5,-50.88,rampdescent
282.3,7.33,10.72,4.67,-62.5,-260.06,111.62,-9.03,1.29,2.22,-65.06,-10.13,-40.94,rampdescent
282.32,1.54,1.74,6.51,-128.94,-241.31,132.37,-5.9,0.44,-0.28,-52.81,-62.56,-25.56,rampdescent
282.34,-1.4,1.3,8.8,-50.38,-200.62,144.69,-5.69,0.31,-1.77,-109.5,-146.5,-5.06,rampdescent
282.35,-3.23,4.42,8.9,30.31,-216.37,148.31,-6.28,-0.43,-1.28,-117.25,-172.31,5.75,rampdescent
282.37,-4.33,5.29,8.64,55.31,-274.31,131.81,-5.85,-0.62,-2.14,-76.0,-230.06,22.25,rampdescent
282.38,-5.43,1.78,8.51,47.31,-322.75,133.81,-6.2,-1.1,-2.48,-67.31,-257.31,27.62,rampdescent
282.4,-6.04,1.63,8.06,69.19,-337.31,148.06,-7.62,-1.23,-3.1,-65.81,-302.75,37.75,rampdescent
282.42,-8.36,1.53,8.45,101.69,-344.94,179.87,-7.94,-1.21,-3.98,-75.12,-338.56,50.0,rampdescent
282.43,-9.08,0.7,8.8,101.81,-337.81,204.81,-9.05,-2.19,-4.4,-90.56,-354.56,53.88,rampdescent
282.45,-9.68,-1.12,9.34,101.94,-331.62,207.69,-10.39,-2.65,-4.12,-91.56,-379.44,52.81,rampdescent
282.47,-12.2,-2.72,12.17,118.06,-310.56,185.69,-11.63,-1.78,-4.83,-37.38,-395.87,48.56,rampdescent
282.48,-14.08,-2.09,13.79,134.0,-301.87,165.56,-12.93,-0.84,-6.46,-14.44,-403.75,49.5,rampdescent
282.5,-17.77,-0.09,15.64,159.75,-314.0,135.12,-15.84,-1.62,-6.7,7.25,-414.0,54.44,rampdescent
282.51,-18.07,-0.32,15.13,169.31,-325.56,126.0,-16.42,-2.2,-6.37,34.56,-414.37,54.81,rampdescent
282.53,-21.49,-3.53,12.87,178.44,-315.25,126.87,-17.25,-0.8,-7.83,92.06,-389.87,47.75,rampdescent
282.54,-24.38,-2.14,10.38,215.81,-283.37,131.56,-16.42,0.09,-9.1,93.94,-372.0,47.75,rampdescent
282.56,-24.92,-0.78,8.03,220.37,-271.12,135.19,-14.89,0.47,-10.72,58.94,-317.56,54.0,rampdescent
282.57,-26.94,-4.43,-0.83,169.69,-238.0,128.87,-10.69,-0.08,-13.94,30.12,-281.31,60.63,rampdescent
282.59,-29.44,-8.43,-4.71,133.62,-209.44,124.87,-7.36,-1.81,-15.79,-0.44,-162.56,46.06,rampdescent
282.61,-29.38,-15.37,-13.39,87.25,-130.44,134.19,-8.16,0.67,-12.87,-19.5,5.37,27.0,rampdescent
282.62,-16.89,-5.42,-8.31,32.19,27.56,74.87,-9.23,0.54,-10.94,-53.63,62.5,25.81,rampdescent
282.64,-20.99,-5.11,-8.58,-50.63,154.56,3.81,-7.4,0.16,-11.92,-70.12,132.12,14.25,rampdescent
282.66,-16.94,-7.0,0.84,-176.56,201.62,-64.25,-13.7,-0.1,-0.11,-139.5,190.87,22.75,rampdescent
282.67,0.61,-0.44,23.12,-180.5,241.19,-72.75,-22.56,-5.35,17.99,-174.12,193.44,20.0,rampdescent
282.69,-20.98,-14.85,22.13,-183.06,295.0,-136.19,-16.96,-8.08,-9.49,-183.5,214.31,21.94,rampdescent
282.7,-32.44,12.24,11.44,-166.94,223.44,-180.31,-18.31,-1.84,-4.71,-41.13,263.81,29.81,rampdescent
282.72,1.35,-10.37,11.04,-201.5,123.0,-144.5,-8.9,-4.12,-5.66,-139.0,231.0,50.88,rampdescent
282.73,-16.02,1.11,11.72,-169.37,121.62,-123.31,-7.14,-5.31,-8.48,-109.5,196.25,39.31,rampdescent
282.75,-15.41,7.36,8.7,-80.94,70.06,-113.56,-14.41,-5.98,-4.86,53.63,180.69,26.62,rampdescent
282.77,-7.98,1.72,8.52,-26.75,29.81,-51.25,-11.46,1.41,-4.91,155.06,156.12,-3.5,rampdescent
282.78,-6.04,-1.14,9.01,-9.06,27.19,-33.63,-9.86,5.14,-4.76,108.94,142.44,-0.81,rampdescent
282.8,-6.06,0.48,8.22,-1.31,18.81,-21.5,-10.53,0.94,-3.4,-0.5,109.56,3.0,rampdescent
282.82,-5.78,0.75,8.22,-14.19,11.5,-16.19,-10.71,1.3,-3.44,6.81,83.56,-1.06,rampdescent
282.83,-6.07,0.78,8.13,-8.81,16.56,-13.69,-10.45,0.9,-3.41,10.88,71.44,-5.56,rampdescent
282.85,-6.0,0.13,8.2,-7.94,15.38,-12.81,-10.34,0.42,-2.5,16.75,53.56,-9.88,rampdescent
282.86,-5.86,0.16,8.16,-9.81,13.81,-8.81,-10.07,0.32,-2.21,14.69,47.31,-9.75,rampdescent
282.88,-5.97,0.29,7.9,-7.56,14.88,-7.5,-9.57,0.55,-2.13,16.5,40.13,-8.69,rampdescent
282.89,-6.1,0.34,7.76,-6.31,14.5,-5.81,-9.42,1.03,-2.16,17.5,38.31,-8.94,rampdescent
282.92,-5.86,0.79,7.76,-5.25,13.5,-5.81,-9.58,0.94,-1.36,17.44,36.69,-10.81,rampdescent
282.93,-6.08,0.59,7.63,-6.12,15.69,-5.75,-9.47,0.81,-1.38,19.0,37.13,-11.75,rampdescent
282.95,-6.09,0.52,7.61,-5.69,13.63,-4.94,-9.08,0.57,-1.52,24.94,40.5,-12.5,rampdescent
282.96,-6.02,0.07,7.6,-4.94,11.56,-5.44,-8.72,0.22,-1.49,27.44,43.5,-12.56,rampdescent
282.98,-6.07,-0.07,7.57,-4.12,10.75,-5.75,-8.84,0.34,-1.54,26.25,51.63,-12.5,rampdescent
282.99,-6.02,0.23,7.55,-2.75,11.31,-6.69,-8.94,0.33,-1.63,24.06,56.13,-12.56,rampdescent
283.01,-5.99,0.27,7.6,-2.06,12.19,-7.31,-9.07,0.0,-1.61,29.06,64.81,-13.69,rampdescent
283.03,-5.96,-0.03,7.74,-0.75,15.19,-8.5,-8.98,-0.12,-1.53,38.81,74.44,-14.44,rampdescent
283.04,-5.99,-0.06,7.83,1.62,20.06,-8.69,-9.22,0.15,-1.72,40.69,79.81,-13.69,rampdescent
283.06,-5.87,0.25,8.03,3.06,22.12,-9.38,-9.66,0.46,-1.85,31.62,89.94,-11.06,rampdescent
283.07,-5.85,0.62,8.13,3.75,28.37,-12.19,-9.79,0.47,-1.69,29.56,95.25,-11.5,rampdescent
283.09,-5.81,0.81,8.17,3.81,31.5,-13.88,-10.18,1.07,-1.42,42.56,106.62,-14.06,rampdescent
283.1,-5.78,1.96,8.58,4.5,44.06,-21.12,-10.79,0.9,-1.07,49.06,114.0,-14.5,rampdescent
283.12,-5.55,1.79,8.83,2.31,51.5,-27.37,-11.43,0.09,-1.18,57.63,129.75,-12.31,rampdescent
283.14,-5.4,0.64,9.52,-13.31,79.94,-42.5,-11.7,-0.25,-1.36,59.13,138.62,-11.63,rampdescent
283.15,-5.4,0.7,9.54,-27.06,116.31,-58.69,-13.33,-0.22,-1.27,55.44,158.5,-12.38,rampdescent
283.17,-5.43,1.66,9.68,-32.31,136.31,-69.12,-13.94,-0.13,-0.99,57.94,168.0,-12.56,rampdescent
283.18,-4.51,3.14,9.57,-40.75,159.0,-85.12,-15.56,0.56,1.4,81.19,187.75,-9.56,rampdescent
283.2,-3.34,3.73,9.5,-79.31,220.12,-138.44,-16.45,0.36,1.66,96.75,194.62,-6.87,rampdescent
283.22,-4.9,1.06,11.82,-112.12,301.5,-210.12,-20.52,-0.02,4.64,151.75,210.37,-8.13,rampdescent
283.23,-6.99,0.09,12.69,-92.06,417.94,-247.12,-21.59,1.16,5.04,209.06,214.69,-24.37,rampdescent
283.25,-14.48,-3.68,17.68,-58.0,476.19,-234.37,-20.25,2.45,1.18,178.12,216.25,-50.06,rampdescent
283.26,-16.9,3.17,21.5,33.69,533.31,-199.87,-17.54,5.7,1.64,160.19,211.0,-68.56,rampdescent
283.28,-17.54,5.05,21.49,66.5,536.81,-214.19,-15.49,8.12,1.43,140.31,191.0,-83.81,rampdescent
283.29,-23.01,17.39,20.82,52.31,466.94,-246.44,-10.6,6.77,-11.84,52.06,139.5,-75.12,rampdescent
283.31,-17.89,4.86,29.78,-79.06,245.87,-248.81,-10.76,0.2,-0.96,-118.0,88.75,-45.75,rampdescent
283.33,7.44,17.73,4.73,-67.81,-182.37,40.63,-11.77,-0.19,2.08,-156.87,63.5,-49.19,rampdescent
283.34,8.31,9.88,2.78,-117.81,-243.25,111.12,-6.55,0.23,0.61,-107.62,-25.37,-42.31,rampdescent
283.36,0.32,0.14,5.5,-139.56,-174.56,167.81,-4.83,0.98,-2.46,-125.5,-73.31,-35.81,rampdescent
283.37,-1.47,2.37,7.54,-78.37,-165.81,183.44,-5.14,0.52,-2.67,-148.44,-112.12,-28.81,rampdescent
283.38,-3.4,4.39,7.53,-9.06,-211.31,180.62,-5.12,0.58,-2.36,-138.12,-166.19,-13.13,rampdescent
283.4,-3.92,3.51,7.52,-20.25,-267.87,152.75,-5.17,-0.2,-3.6,-124.81,-227.94,0.25,rampdescent
283.42,-6.65,0.62,7.73,-8.19,-294.62,147.25,-5.53,-1.07,-3.84,-124.69,-253.31,4.12,rampdescent
283.43,-6.68,0.78,7.2,13.88,-319.37,149.06,-5.96,-1.69,-3.47,-103.75,-293.19,10.13,rampdescent
283.45,-6.82,0.72,6.33,50.25,-342.31,159.62,-6.82,-1.72,-3.77,-91.12,-310.94,12.94,rampdescent
283.46,-7.46,0.34,6.7,61.06,-340.25,165.5,-7.68,-2.15,-4.37,-82.19,-342.62,16.62,rampdescent
283.48,-8.41,-1.18,7.95,72.5,-325.37,171.62,-8.21,-2.11,-4.35,-71.0,-354.56,17.31,rampdescent
283.49,-8.97,-1.57,8.89,86.81,-307.56,155.19,-10.76,-1.43,-5.31,-45.13,-375.0,22.37,rampdescent
283.51,-11.66,-1.44,11.32,96.44,-300.62,142.94,-11.04,-1.28,-5.91,-33.56,-384.31,23.94,rampdescent
283.52,-14.19,-1.39,13.19,113.0,-304.12,118.69,-12.27,-1.18,-6.43,-8.25,-398.37,29.06,rampdescent
283.54,-16.35,-1.24,13.65,121.94,-310.5,107.25,-13.86,-1.1,-6.59,6.44,-402.12,32.31,rampdescent
283.55,-18.58,-2.26,12.92,134.87,-310.31,98.37,-15.03,-1.73,-6.58,14.13,-402.87,35.88,rampdescent
283.57,-19.86,-2.85,12.54,140.81,-299.0,101.75,-17.09,-2.2,-7.46,18.25,-395.94,34.19,rampdescent
283.58,-23.26,-2.32,10.98,152.37,-273.19,104.06,-16.35,-0.52,-9.29,59.31,-367.56,27.62,rampdescent
283.6,-25.85,-1.93,6.26,143.75,-266.44,101.0,-11.77,0.48,-11.95,56.25,-319.31,29.75,rampdescent
283.62,-25.99,-4.02,0.18,93.37,-245.75,86.75,-10.83,-0.46,-13.02,20.37,-285.62,39.06,rampdescent
283.63,-26.25,-7.9,-2.91,68.25,-221.0,79.37,-8.83,-1.1,-13.55,-5.5,-245.31,44.94,rampdescent
283.64,-29.1,-15.2,-12.19,63.81,-144.62,82.5,-6.02,-1.13,-13.19,-3.87,-119.94,30.5,rampdescent
283.66,-24.25,-14.56,-12.3,61.69,-87.31,74.87,-7.55,-0.81,-11.14,-37.25,71.56,16.69,rampdescent
283.68,-14.64,-6.31,1.44,28.69,55.06,7.37,-6.97,-1.79,-10.69,-28.62,105.75,11.69,rampdescent
283.69,-22.07,-1.44,7.55,11.31,95.5,-25.87,-8.04,-1.77,-7.91,-10.75,143.44,10.5,rampdescent
283.71,18.6,-9.03,7.87,-126.12,130.44,-95.12,-14.91,-3.04,13.1,-25.94,154.94,5.44,rampdescent
283.72,0.18,0.66,19.98,-131.94,205.94,-110.87,-18.88,-5.29,21.07,-93.12,139.75,3.56,rampdescent
283.74,-17.81,-4.36,13.82,-67.56,337.44,-139.5,-16.25,-0.41,-7.52,-70.87,184.0,14.31,rampdescent
283.75,-37.94,23.38,22.77,-72.25,331.0,-146.56,-15.81,7.25,-8.8,-41.19,236.44,38.19,rampdescent
283.77,-0.78,-5.81,11.27,-205.19,145.75,-139.69,-11.98,-1.53,-6.41,-176.62,222.62,62.13,rampdescent
283.78,-4.54,-18.14,15.44,-108.25,108.75,-103.31,-8.82,-6.33,-6.53,-15.88,191.37,40.81,rampdescent
283.8,-11.73,-0.11,8.96,-55.13,67.81,-90.62,-12.22,0.86,-8.33,82.81,190.75,35.5,rampdescent
283.82,-6.87,0.03,8.91,-28.19,27.44,-38.94,-12.11,3.11,-3.15,153.37,162.37,0.5,rampdescent
283.83,-6.38,0.2,8.34,-13.06,28.69,-27.19,-11.0,4.51,-5.15,137.5,150.0,3.5,rampdescent
283.84,-6.92,0.26,7.94,-1.25,30.19,-21.37,-10.8,0.13,-3.71,2.37,118.75,5.94,rampdescent
283.86,-6.26,-0.31,8.28,-13.44,22.12,-19.19,-10.85,-0.71,-3.29,28.81,93.0,2.06,rampdescent
283.88,-6.37,0.21,8.06,-8.0,19.12,-14.81,-10.79,1.43,-4.03,38.88,81.62,-2.69,rampdescent
283.89,-6.49,0.08,8.02,-4.25,21.25,-13.0,-10.49,1.08,-3.13,25.19,61.56,-7.19,rampdescent
283.91,-6.31,0.13,7.88,-7.94,17.25,-10.06,-10.0,0.86,-2.51,22.31,54.63,-7.69,rampdescent
283.92,-6.41,0.16,7.76,-4.0,16.69,-7.25,-9.8,1.05,-2.43,19.94,50.38,-8.13,rampdescent
283.94,-6.52,0.39,7.5,-4.0,15.88,-6.31,-9.36,1.43,-2.52,15.56,44.88,-10.56,rampdescent
283.96,-6.3,0.52,7.48,-5.81,13.38,-5.87,-9.41,0.64,-2.07,13.81,41.81,-13.44,rampdescent
283.97,-6.36,0.43,7.47,-5.62,14.44,-5.87,-9.37,0.63,-2.14,16.81,41.25,-14.63,rampdescent
283.98,-6.52,0.31,7.38,-6.12,12.81,-5.44,-9.22,0.65,-2.05,20.62,42.88,-15.75,rampdescent
284.0,-6.52,0.34,7.23,-5.87,10.31,-5.5,-8.78,0.52,-1.93,21.06,44.31,-15.75,rampdescent
284.02,-6.35,0.12,7.38,-4.5,6.06,-5.94,-8.76,0.27,-1.63,22.19,49.63,-14.69,rampdescent
284.03,-6.36,0.08,7.39,-3.62,6.06,-6.56,-8.74,0.08,-1.86,22.44,53.25,-13.81,rampdescent
284.04,-6.37,-0.06,7.38,-2.31,6.37,-6.44,-8.54,-0.15,-2.04,24.19,62.88,-14.0,rampdescent
284.06,-6.49,-0.09,7.27,-2.0,5.12,-6.12,-8.32,-0.01,-1.89,29.56,69.06,-14.63,rampdescent
284.08,-6.27,0.2,7.53,-0.31,4.25,-5.94,-8.66,0.67,-1.1,35.5,81.56,-14.06,rampdescent
284.09,-5.84,0.67,7.62,0.06,10.63,-7.5,-8.77,0.96,-0.88,34.13,88.75,-11.88,rampdescent
284.11,-5.93,0.36,7.96,-0.81,18.0,-9.31,-9.55,0.38,-0.91,26.75,103.75,-12.06,rampdescent
284.13,-5.8,0.43,8.44,2.12,28.94,-13.69,-10.16,-0.08,-1.89,28.19,117.69,-8.44,rampdescent
284.14,-5.97,0.34,8.32,5.12,36.0,-16.81,-9.77,-0.17,-2.6,38.13,123.87,-9.19,rampdescent
284.16,-6.43,0.64,8.16,9.69,52.56,-24.75,-9.36,0.55,-3.04,59.75,135.06,-12.31,rampdescent
284.18,-6.25,1.15,8.04,5.5,64.19,-32.75,-10.91,0.45,-3.21,55.81,144.19,-10.5,rampdescent
284.19,-6.15,0.8,8.42,-7.87,84.62,-43.44,-11.56,0.35,-2.91,54.88,150.0,-10.88,rampdescent
284.21,-5.94,1.73,9.1,-14.56,103.44,-50.44,-12.71,0.88,-2.71,62.69,163.12,-11.44,rampdescent
284.23,-5.89,2.28,9.11,-29.75,140.44,-74.44,-14.32,0.01,-1.75,68.94,177.19,-9.0,rampdescent
284.24,-4.82,2.77,9.48,-40.06,160.0,-93.87,-14.99,0.19,-1.33,80.37,184.25,-6.81,rampdescent
284.26,-3.65,3.17,10.74,-76.62,223.12,-149.62,-18.7,-0.13,2.83,106.12,199.87,-3.75,rampdescent
284.28,-5.51,0.54,13.18,-109.94,323.0,-217.81,-23.13,-0.8,2.6,147.56,208.62,-19.19,rampdescent
284.29,-10.1,-3.25,14.68,-101.5,439.81,-223.56,-21.41,0.6,0.33,160.37,210.87,-39.94,rampdescent
284.31,-12.49,-4.86,17.01,-71.44,480.25,-196.0,-17.91,1.53,0.56,118.25,197.44,-81.81,rampdescent
284.33,-13.32,2.64,15.28,11.94,518.87,-171.94,-14.88,6.2,0.8,88.12,154.87,-108.12,rampdescent
284.34,-10.58,6.98,17.47,31.75,536.37,-189.75,-10.81,8.25,-2.42,43.0,120.94,-95.87,rampdescent
284.36,-3.09,17.64,13.81,-70.5,404.81,-207.25,-6.92,2.64,-17.35,-134.44,65.81,-61.19,rampdescent
284.38,-34.91,16.34,35.39,-155.69,14.94,4.5,-8.23,-1.91,0.23,-196.62,28.69,-56.31,rampdescent
284.39,-3.64,17.75,12.23,-155.44,-287.44,204.12,-8.49,0.0,4.07,-154.81,-1.19,-65.19,rampdescent
284.41,4.3,-4.04,4.43,-177.31,-257.81,187.25,-4.26,-0.66,1.69,-69.06,-105.69,-32.75,rampdescent
284.43,-0.01,-0.46,7.35,-24.81,-205.06,135.44,-5.56,1.11,-1.24,-80.06,-181.19,-14.19,rampdescent
284.45,-4.97,6.28,9.1,73.62,-237.62,74.25,-4.91,-0.27,-2.27,-54.0,-234.12,4.87,rampdescent
284.47,-7.03,2.51,8.96,36.94,-317.12,47.88,-6.53,-1.91,-3.2,-27.87,-283.0,18.56,rampdescent
284.48,-6.78,2.31,8.11,49.06,-348.31,65.5,-7.04,-2.01,-2.99,-21.31,-302.69,20.56,rampdescent
